-- phpMyAdmin SQL Dump
-- version 4.7.7
-- https://www.phpmyadmin.net/
--
-- Host: 127.0.0.1
-- Generation Time: Feb 16, 2019 at 09:12 AM
-- Server version: 10.1.30-MariaDB
-- PHP Version: 7.1.14

SET SQL_MODE = "NO_AUTO_VALUE_ON_ZERO";
SET AUTOCOMMIT = 0;
START TRANSACTION;
SET time_zone = "+00:00";


/*!40101 SET @OLD_CHARACTER_SET_CLIENT=@@CHARACTER_SET_CLIENT */;
/*!40101 SET @OLD_CHARACTER_SET_RESULTS=@@CHARACTER_SET_RESULTS */;
/*!40101 SET @OLD_COLLATION_CONNECTION=@@COLLATION_CONNECTION */;
/*!40101 SET NAMES utf8mb4 */;

--
-- Database: `records`
--

-- --------------------------------------------------------

--
-- Table structure for table `divisions`
--

CREATE TABLE `divisions` (
  `id` int(10) UNSIGNED NOT NULL,
  `name` varchar(191) COLLATE utf8mb4_unicode_ci NOT NULL
) ENGINE=InnoDB DEFAULT CHARSET=utf8mb4 COLLATE=utf8mb4_unicode_ci;

--
-- Dumping data for table `divisions`
--

INSERT INTO `divisions` (`id`, `name`) VALUES
(32, 'AGUSAN DEL NORTE'),
(88, 'AGUSAN DEL SUR'),
(28, 'AKLAN'),
(55, 'ALBAY'),
(52, 'ANGELES CITY'),
(98, 'ANTIPOLO CITY'),
(72, 'ANTIQUE'),
(129, 'APAYAO'),
(29, 'BACOLOD CITY'),
(95, 'BAGUIO CITY'),
(43, 'BATAAN'),
(106, 'BATANES'),
(101, 'BATANGAS'),
(85, 'BATANGAS CITY'),
(116, 'BENGUET'),
(87, 'BILIRAN'),
(107, 'BOHOL'),
(136, 'BONTOC, MT. PROVINCE'),
(118, 'BUKIDNON'),
(92, 'BULACAN'),
(40, 'BUTUAN CITY'),
(75, 'CABANATUAN CITY'),
(21, 'CAGAYAN'),
(4, 'CAGAYAN DE ORO CITY'),
(67, 'CALBAYOG CITY'),
(3, 'CALOOCAN CITY'),
(46, 'CAMARINES NORTE'),
(9, 'CAMARINES SUR'),
(113, 'CAMIGUIN'),
(82, 'CAPIZ'),
(103, 'CATANDUANES'),
(108, 'CATBALOGAN, SAMAR'),
(91, 'CAVITE'),
(81, 'CAVITE CITY'),
(68, 'CEBU'),
(41, 'CEBU CITY'),
(14, 'COTABATO'),
(49, 'COTABATO CITY'),
(23, 'DAGUPAN CITY'),
(137, 'DAPITAN CITY'),
(8, 'DAVAO CITY'),
(125, 'DAVAO DEL NORTE'),
(123, 'DAVAO DEL SUR'),
(134, 'DAVAO ORIENTAL'),
(31, 'DIGOS CITY'),
(65, 'DIPOLOG CITY'),
(71, 'DUMAGUETE CITY'),
(20, 'EASTERN SAMAR'),
(59, 'GENERAL SANTOS CITY'),
(122, 'IFUGAO'),
(33, 'ILIGAN CITY'),
(57, 'ILOCOS NORTE'),
(38, 'ILOCOS SUR'),
(16, 'ILOILO'),
(48, 'ILOILO CITY'),
(56, 'IRIGA CITY'),
(25, 'ISABELA'),
(54, 'ISLAND GARDEN CITY OF SAMAL'),
(77, 'KALINGA'),
(12, 'KIDAPAWAN CITY'),
(135, 'KINGDOM OF SAUDI ARABIA'),
(115, 'KORONADAL CITY'),
(22, 'LA UNION'),
(1, 'LAGUNA'),
(104, 'LANAO DEL NORTE'),
(90, 'LANAO DEL SUR'),
(17, 'LAOAG CITY'),
(102, 'LAPU-LAPU CITY'),
(74, 'LAS PIÑAS CITY'),
(35, 'LEGAZPI CITY'),
(34, 'LEYTE'),
(86, 'LIPA CITY'),
(133, 'LUCENA CITY'),
(79, 'MAKATI CITY'),
(69, 'MALABON CITY'),
(119, 'MALAYBALAY CITY'),
(138, 'MANDALUYONG CITY'),
(73, 'MANDAUE CITY'),
(64, 'MANILA'),
(7, 'MARAWI CITY'),
(121, 'MARIKINA CITY'),
(126, 'MARINDUQUE'),
(142, 'MASBATE'),
(89, 'MASBATE CITY'),
(62, 'MISAMIS OCCIDENTAL'),
(112, 'MISAMIS ORIENTAL'),
(19, 'MUNTINLUPA CITY'),
(42, 'NAGA CITY'),
(99, 'NEGROS OCCIDENTAL'),
(140, 'NEGROS ORIENTAL'),
(63, 'NORTH COTABATO'),
(114, 'NORTHERN SAMAR'),
(30, 'NUEVA ECIJA'),
(47, 'NUEVA VIZCAYA'),
(60, 'OCCIDENTAL MINDORO'),
(93, 'OLONGAPO CITY'),
(13, 'ORIENTAL MINDORO'),
(128, 'ORMOC CITY'),
(51, 'OZAMIZ CITY'),
(6, 'PAGADIAN CITY'),
(120, 'PALAWAN'),
(15, 'PAMPANGA'),
(70, 'PANABO CITY'),
(11, 'PANGASINAN'),
(53, 'PARAÑAQUE CITY'),
(141, 'PASAY CITY'),
(76, 'PASIG CITY'),
(96, 'PUERTO PRINCESA CITY'),
(130, 'QATAR'),
(110, 'QUEZON'),
(5, 'QUEZON CITY'),
(132, 'QUIRINO'),
(50, 'RIZAL'),
(45, 'ROMBLON'),
(83, 'ROXAS CITY'),
(111, 'SAN CARLOS CITY'),
(105, 'SAN JUAN CITY'),
(39, 'SAN PABLO CITY'),
(61, 'SIQUIJOR'),
(131, 'SORSOGON'),
(84, 'SORSOGON CITY'),
(18, 'SOUTH COTABATO'),
(139, 'SOUTHERN LEYTE'),
(58, 'SULTAN KUDARAT'),
(127, 'SULU'),
(66, 'SURIGAO CITY'),
(117, 'SURIGAO DEL NORTE'),
(10, 'SURIGAO DEL SUR'),
(2, 'TACLOBAN CITY'),
(94, 'TACURONG CITY'),
(78, 'TAGBILARAN CITY'),
(80, 'TAGUIG CITY'),
(100, 'TAGUM CITY'),
(44, 'TARLAC'),
(124, 'TARLAC CITY'),
(109, 'TOLEDO CITY'),
(143, 'VALENCIA CITY'),
(24, 'VALENZUELA CITY'),
(27, 'ZAMBALES'),
(37, 'ZAMBOANGA CITY'),
(97, 'ZAMBOANGA DEL NORTE'),
(36, 'ZAMBOANGA DEL SUR'),
(26, 'ZAMBOANGA SIBUGAY');

-- --------------------------------------------------------

--
-- Table structure for table `examinees`
--

CREATE TABLE `examinees` (
  `id` int(10) UNSIGNED NOT NULL,
  `first_name` varchar(191) COLLATE utf8mb4_unicode_ci NOT NULL,
  `last_name` varchar(191) COLLATE utf8mb4_unicode_ci NOT NULL,
  `school_id` int(10) UNSIGNED DEFAULT NULL
) ENGINE=InnoDB DEFAULT CHARSET=utf8mb4 COLLATE=utf8mb4_unicode_ci;

--
-- Dumping data for table `examinees`
--

INSERT INTO `examinees` (`id`, `first_name`, `last_name`, `school_id`) VALUES
(2, ' BEATRICE EUNICE MINA', 'ABALOS', 1),
(3, ' QUIN NIÑO GERARD TALARO', 'ABALOS', 2),
(4, ' JAIRO GABRIEL TAN', 'ABAN', 3),
(5, ' JOHN ALFRED BAGUHIN', 'ABAPO', 4),
(6, ' LANCE PATRICK FLORDELIZA', 'ABARQUEZ', 5),
(7, ' EOIN TRISTAN LOPEZ', 'ABASTAR', 6),
(8, ' SITTY WALIDAH COTA', 'ABDUL', 7),
(9, ' CHYNNA MARIE REDULLA', 'ABELLA', 8),
(10, ' SEAN ARMAN ENRIQUEZ', 'ABERGOS', 9),
(11, ' GHILIAN C.', 'ABIERA', 10),
(12, ' ANGELA ZOEI LAURELLE PENULLAR', 'ABIG', 11),
(13, ' SOPHIA LORRAINE VALENCIA', 'ABIJAY', 12),
(14, ' AYDAN GABRIEL ASCAÑO', 'ABLES', 13),
(15, ' ESMAR ANGELO MARCOS', 'ABOBO', 14),
(16, ' RALPH XEDRICK NAPAO', 'ABOGHO', 15),
(17, ' TRISH ALLYSA JEAN MELENDEZ', 'ABUEME', 16),
(18, ' DAWN CHRISTIENNE MASONGSONG', 'ABUTAR', 17),
(19, ' AEROL KENT BANSUING', 'ACCAD', 18),
(20, ' KRIZMAND YDORE AGTUCA', 'ACEBO', 19),
(21, ' NAOMI AOIFE BOMBITA', 'ACEÑA', 20),
(22, ' ALTHEA BIANCA AGUSTIN', 'ACIDO', 21),
(23, ' ALEEYAH YENNA ROSEN MAMA', 'ADAM', 22),
(24, ' KRISTJAN NICHOL SOBREVEGA', 'ADAME', 23),
(25, ' ANDRE CRAIG REPOLLO', 'ADAN', 24),
(26, ' JOHN VIC ABITRIA', 'ADIQUE', 25),
(27, ' JOHAN HENRIK GONZALES', 'ADORNA', 26),
(28, ' SACHI MARIE NADUNZA', 'ADRICULA', 27),
(29, ' VINCE ETHAN BALISI', 'ADVINCULA', 28),
(30, ' ZHYAN FRANCIS LIPAWEN', 'ADVINCULA', 29),
(31, ' MAVERICK JAPOR', 'AGBAYANI', 30),
(32, ' CARL FRANCIS DIAZ', 'AGCAOILI', 31),
(33, ' POIMEN DEB HICONG', 'AGNILA', 32),
(34, ' ZENAS PRAISE HICONG', 'AGNILA', 32),
(35, ' EVERLYN GONIABO', 'AGREDA', 33),
(36, ' RALPH MARCUS DUCUSIN', 'AGUAS', 34),
(37, ' ARTHUR NEIL M.', 'AGUIJON', 35),
(38, ' MARGAUX CHRISTEN TROZADO', 'AGUILA', 36),
(39, ' JEVON RHANDALL CORPUS', 'AGUILAN', 37),
(40, ' JIGGEN KERR TAYING', 'AGUILAR', 38),
(41, ' LG NICOLE ELLAR', 'AGUILAR', 39),
(42, ' ALESSANDRA MIKKA F.', 'AGUIRRE', 40),
(43, ' ZOE MARCEL', 'AGUIRRE', 41),
(44, ' MARIA DANIELLA MATA', 'AGULO', 8),
(45, ' ALLIAH MYKAH DE GUZMAN', 'AGUSTIN', 42),
(46, ' JUNEL CANONCE', 'AGUSTIN', 43),
(47, ' RENEE MARGARETH CAYABAS', 'ALAGOS', 15),
(48, ' ROB LAWRENCE OLIGANE', 'ALARCIO', 44),
(49, ' KYLE DOMINIC GARDON', 'ALBANO', 45),
(50, ' KARL GABRIEL DAUD', 'ALBARRACIN', 46),
(51, ' ANIKA YUMI PANINGBATAN', 'ALBINO', 47),
(52, ' LEANBER AMPER', 'ALBIT', 48),
(53, ' ROYCE OÑATE', 'ALBOLOTE', 49),
(54, ' IAN JOSEPH RONQUILLO', 'ALBOROTO', 50),
(55, ' KENT AMIEL CARZA', 'ALBOROTO', 51),
(56, ' RAMON MIKHAEL DESTOR', 'ALBULARIO', 52),
(57, ' JEZREEL CLAROS', 'ALEGATA', 53),
(58, ' TERRENCE CONCEPCION', 'ALEJO', 54),
(59, ' MISCHKA SHANEECE BANDE', 'ALEMAN', 54),
(60, ' THEA ELOISA DINSAY', 'ALEMAN', 55),
(61, ' SAMANTHA CLAIRE BEATINGO', 'ALERIA', 56),
(62, ' IVAN KRISTOFF AMURAO', 'ALETA', 57),
(63, ' NICO NATHANIEL SABANDAL', 'ALFANTA', 58),
(64, ' GALAENA MARLA PALMA', 'ALFEREZ', 59),
(65, ' DDAVID DUNE CASTRO', 'ALFILER', 60),
(66, ' CHRISTIAN XAVIER DIZON', 'ALGENIO', 61),
(67, ' ALDEN GIBRAEL MORES', 'ALI', 15),
(68, ' ANGEL DAJUJA', 'ALINDAJAO', 62),
(69, ' THANDIE MAVIS CABILI', 'ALIÑO', 63),
(70, ' JOAQUIM TIMOTHY GARCIA', 'ALIPIO', 64),
(71, ' GABRIELLA LIM', 'ALIVIA', 65),
(72, ' ERWIN MICHAEL E.', 'ALIVIO', 66),
(73, ' ROYAL ATHENA TULAÑA', 'ALMIRANTE', 67),
(74, ' IRMINA ANGELINE ROA', 'ALOMBRO', 68),
(75, ' MA. HELAENA LHOLA DELA CRUZ', 'ALONTAGA', 69),
(76, ' JARED EUPERIO', 'ALONZO', 70),
(77, ' FIONA RHENSAY ROBIÑOS', 'ALQUEZA', 15),
(78, ' JENREY DE MESA', 'ALVAREZ', 71),
(79, ' DANIEL CLARK LAURENTE', 'AMANTE', 72),
(80, ' BRENT SAM CATAMBACAN', 'AMASA', 73),
(81, ' OWEN KYLE BARTOLOME', 'AMIGO', 74),
(82, ' SACHIE ALTHEA ALINGAYAO', 'AMINDALAN', 75),
(83, ' LARISSA MANZANAS', 'AMOYO', 76),
(84, ' DAVID PRINCE BONDOC', 'ANACLETO', 77),
(85, ' JULIA AIKO PILAPIL', 'AÑASCO', 78),
(86, ' NEHEMIAH TALINIO', 'AÑASCO', 79),
(87, ' SAVANAH JAYNE FABULA', 'ANASTACIO', 80),
(88, ' URIEL GUIWAN', 'ANDAYA', 81),
(89, ' ALRICH JILLIAN LOPEZ', 'ANDRADA', 82),
(90, ' ZION DARREL WASIT', 'ANDRADA', 83),
(91, ' JULIA ALESSANDRA JON', 'ANG', 84),
(92, ' KRISTOFFER AARON MAT - AN', 'ANG', 85),
(93, ' MAXINE WENSLEY LIM', 'ANG', 86),
(94, ' NIA ISABEL DOLORZO', 'ANG', 87),
(95, ' NICOLE ANGELINE L.', 'ANG', 88),
(96, ' PATRICK VINZ RAMOS', 'ANG', 88),
(97, ' YSABELLE THEA YOUNG', 'ANG', 89),
(98, ' NIÑA MARIE DESOACIDO', 'ANGANA', 90),
(99, ' ROSELDA ROLUNA', 'ANGCON', 91),
(100, ' FLORIELYSSA AIRA FUGGAN', 'ANGELES', 92),
(101, ' FRANCISCO JR. SARMIENTO', 'ANGELES', 93),
(102, ' MATTHEW DOMINIC BELTRAN', 'ANGELES', 94),
(103, ' DANERALE F', 'ANINAG', 76),
(104, ' THERESE PEDROSO', 'ANTENOR CRUZ', 95),
(105, ' WILBER SEAN VERCHES', 'ANTEROLA', 96),
(106, ' LOUIE ANDREI B.', 'ANTONIO', 97),
(107, ' EMPRESS JOY ALPERTO', 'ANUNCIACION', 98),
(108, ' HANNAH ELISE FRANCISCO', 'ANUNCIACION', 57),
(109, ' ARCH ANGEL BERNAS', 'APARICI', 56),
(110, ' JARED ARDEN SAJOT', 'APAS', 99),
(111, ' ALDEN JAROMIR LINDAIN', 'APELLADO', 100),
(112, ' ARIANE JANE ARCINUE', 'APUN', 101),
(113, ' ALYZETTE CHARLIZE GARA GARA', 'AQUINO', 23),
(114, ' ERNEST JOHN GUADALUPE', 'AQUINO', 102),
(115, ' MARK CEDRICK ADAON', 'AQUINO', 103),
(116, ' EMERY BREE CABAÑAS', 'AQUIO', 104),
(117, ' JASON CAEZAR MOLEÑO', 'ARACENA', 105),
(118, ' ALMIRA EDUARTE', 'ARAFILES', 106),
(119, ' RYAN ANTHONY PAGUNTALAN', 'ARANETA', 107),
(120, ' JOHN BRYAN ALAVERAN', 'ARANTE', 108),
(121, ' GABRIEL ANDRE4 ESCALONA', 'ARELLANO', 109),
(122, ' RISHIE NICOLE SALARES', 'ARENAS', 110),
(123, ' ABSINTHE DAMASO', 'ARONG', 111),
(124, ' FRESLYN MAE ORCULLO', 'ARREGLADO', 112),
(125, ' ROOHI AMITHS', 'ARSHAD', 113),
(126, ' ANDREI MARASIGAN', 'ARTIFICIO', 17),
(127, ' FRANCHESS DIANNE BUAYA', 'ARTILLERO', 114),
(128, ' GEM RONALD LOGARTA', 'ARZAGA', 115),
(129, ' VINCENT JUDE DEMOS', 'ARZAGON', 116),
(130, ' ELCID BENHUR CAUSING', 'ASAGRA', 117),
(131, ' NATHAN LUIS MANUEL AGUINALDO', 'ASANIAS', 118),
(132, ' JAMES CHRISTIAN OFFEMARIA', 'ASIS', 119),
(133, ' ELAIAH SALVADORA', 'ASPERIN', 120),
(134, ' CASSANDRA ABIGAIL RANILLO', 'ASPRER', 121),
(135, ' GIL ANTHONY ANCHETA', 'ASUMEN', 122),
(136, ' SOPHEARA THERESE BATERINA', 'ASUNCION', 123),
(137, ' JUDE NICHOLAS .', 'ATIENZA', 124),
(138, ' CHRISTIAN JOSEPH SADSAD', 'ATOY', 94),
(139, ' AMIR AMON CHEAM ALIVIADO', 'AUZA', 125),
(140, ' FAYE RHIANNA BOCO', 'AVENDAÑO', 126),
(141, ' AARON ALMAZAN', 'AVILA', 127),
(142, ' BEA BUENO', 'AVILA', 128),
(143, ' MARIELLE MEL .', 'AZUCENAS', 38),
(144, ' LUIS GABRIEL DISPO', 'AZURA', 129),
(145, ' ALPHONSE LUIS DORICO', 'BABAEL', 130),
(146, ' ASHLEY ANTONIA PONSAL', 'BACERA', 131),
(147, ' RHEA CASSANDRA EMIT', 'BACUD', 52),
(148, ' MARIANNE CHLOE CAMATURA', 'BADIOLA', 132),
(149, ' JAN VALMIN MENDOZA', 'BAE', 17),
(150, ' THRISKA GALE DIDATO', 'BAGAYO', 133),
(151, ' PHILIP JULIAN MALLARI', 'BAGTANG', 13),
(152, ' WYNONA MICHELLE URBANO', 'BAGUIO', 38),
(153, ' JANN ALEXANDREI CAMPOS', 'BAJADE', 134),
(154, ' KLYNT LOQUERO', 'BALASE', 135),
(155, ' JIGS JASO', 'BALILI', 136),
(156, ' VENISE M', 'BALINBIN', 137),
(157, ' YUAN BENEDICT DELA RAMA', 'BALTAZAR', 138),
(158, ' EMPYREAN VILLAFUERTE', 'BALUBAL', 139),
(159, ' MEREDITH GRACE MARBELLA', 'BANDOJO', 140),
(160, ' CEDI NACION', 'BANGA', 141),
(161, ' NOAH RUIZ', 'BANGAD', 142),
(162, ' JAY ANDREW BABILA', 'BANTOLIO', 143),
(163, ' KENDRIC MIGUEL CUEVAS', 'BANZON', 144),
(164, ' LEONPOL LORENZO RUIZ', 'BANZON', 145),
(165, ' ARTEMIS LAROCO', 'BARAJAS', 146),
(166, ' MATILDA EUNYS PASCUA', 'BARBON', 147),
(167, ' TRISTAN ALEJANDRO FELICANO', 'BARIÑAN', 148),
(168, ' ANGELICA SHANE ONGY', 'BARIRING', 149),
(169, ' JETHER NOEL ULEP', 'BAROMAN', 52),
(170, ' CHRISTIAN GABRIEL LIGAN', 'BARON', 150),
(171, ' GEN WILSON AVANZADO', 'BARREDO', 151),
(172, ' EUBBY DYLLAN TORION', 'BARRIOS', 152),
(173, ' ZHANE ERICA CABOS', 'BARRO', 153),
(174, ' JOSHUA RAPHAEL TABANAO', 'BARSOBIA', 130),
(175, ' AUDREI NADINE VIEDOR', 'BARTE', 154),
(176, ' VENEZIA GARCIA', 'BARTOLOME', 155),
(177, ' EARL JOHN BONGHANOY', 'BASONG', 156),
(178, ' ABEDAYLE JAYUBO', 'BASUNILLO', 157),
(179, ' NATHANEAL FEROLIN', 'BATUCAN', 158),
(180, ' ENRIQUE BISOÑA', 'BAUSA', 159),
(181, ' ANGELO PHILLIP ALMAGRO', 'BAUTISTA', 160),
(182, ' CARA ISABEL CUNANAN', 'BAUTISTA', 123),
(183, ' ERVIN JOSHUA VILLAROSA', 'BAUTISTA', 161),
(184, ' GYAN KURT PINGOL', 'BAUTISTA', 162),
(185, ' JOSE GABRIEL MIGUEL', 'BAUTISTA', 163),
(186, ' LIAM ZACHARY VALENCIA', 'BAUTISTA', 42),
(187, ' MANUEL AGUSTIN SANTOS', 'BAUTISTA', 164),
(188, ' SHARMAINE ERICKA DIANNE SERAYE', 'BAWAYAN', 165),
(189, ' RON HERMAN CABRERA', 'BAYA', 166),
(190, ' VON JAYDEN BALBIN', 'BAYAG', 167),
(191, ' JOSH RAVEN SALAS', 'BAYAWA', 168),
(192, ' KAREN PEREZ', 'BAYLOSIS', 169),
(193, ' RAMES LAE BAAT', 'BAYOGING', 170),
(194, ' ERROL AUGOSTO COMAFAY', 'BAYUBAY', 171),
(195, ' BIANCA AZE BOREJON', 'BEDIS', 172),
(196, ' ROBIN VINCENT TURLA', 'BEJARIN', 173),
(197, ' ELIZA CONSUELO HERRERA', 'BELLONES', 95),
(198, ' KARL ANTHONY MALINAO', 'BELOY', 174),
(199, ' AEON BOLLINA', 'BELUAN', 130),
(200, ' SHEILA ELLANA', 'BENEDICTO', 11),
(201, ' RAYE ANNE MAXIMO', 'BENEMERITO', 175),
(202, ' JERARAD GABRIEL ESPIRITU', 'BENITEZ', 176),
(203, ' TERESA JOSIE DAJAY', 'BEQUILLA', 177),
(204, ' ALISHA EVE CLARETE', 'BERMUDEZ', 178),
(205, ' ARYENNE KIERSTEN GABRIEL', 'BERMUDO', 179),
(206, ' JETAIME ANDRE RIVER MUNSAYAC', 'BERNAL', 180),
(207, ' SAMUEL TIMOTHY BERNAL', 'BERNAL', 181),
(208, ' CASEY LAUREN CHUA', 'BERNARDO', 120),
(209, ' DIEGO BEN PAGDANGANAN', 'BERNARDO', 182),
(210, ' CHESKA YSABELLE MARTINEZ', 'BERSAMINA', 183),
(211, ' DWAYNE MICHAEL PALMA', 'BERSUSA', 184),
(212, ' GABRIEL DAVE ABANES', 'BETONIO', 185),
(213, ' GLENN DANIEL GAZO', 'BIDAL', 15),
(214, ' GWEN DANIELLE GANNABAN', 'BILGERA', 186),
(215, ' JEREMY REY TURQUEZA', 'BILLONES', 187),
(216, ' BABY BLINK ACOSTA', 'BIONGCOG', 188),
(217, ' JOSHUA HAZ', 'BIRCO', 189),
(218, ' CLAUDETTE INDING', 'BISNAR', 190),
(219, ' ALYSSA JOY AYSON', 'BITUIN', 191),
(220, ' DEMOSTHENES II AGUILAR', 'BLANCO', 130),
(221, ' RUBEN RUFINO III JOSE', 'BLANCO', 127),
(222, ' MARCUS TRISTAN BREVA', 'BOBIER', 192),
(223, ' THEA MARI AVILA', 'BOLASTIG', 193),
(224, ' ANGEL ANNE BALGOS', 'BOLIDO', 194),
(225, ' NINA SAMANTHA FERNAN', 'BOLO', 195),
(226, ' RAINFIALA DAXEN DINOLAN', 'BOLTIADOR', 196),
(227, ' QWYNZ BORROMEO', 'BONACHITA', 128),
(228, ' JIAN CARL CATAPANG', 'BONGALON', 197),
(229, ' JENICA CELAINE BUNDA', 'BOOC', 198),
(230, ' REINALD ARNE IGNACIO', 'BOOL', 199),
(231, ' JENEIAH RAVEN ABIÑON', 'BORBON', 185),
(232, ' ANDREI VINCENT CASAIS', 'BORINGOT', 192),
(233, ' LOUISE YSOBELLE DUCO', 'BORJA', 200),
(234, ' JACOB MELANIO', 'BORREROS', 201),
(235, ' ANNAKO HALIBAS', 'BRANZUELA', 133),
(236, ' SIMON PAUL BADIOLA', 'BRAVO', 202),
(237, ' KELLAH CYSSAN ROBLES', 'BRIONES', 203),
(238, ' LORENZ GABRIEL VILLANO', 'BRIONES', 204),
(239, ' ANDREW GABRIEL BELLO', 'BRONCANO', 205),
(240, ' RHIAN DANNA ODERO', 'BRUAN', 206),
(241, ' FRANCINE ANNE ASIS', 'BRUZO', 207),
(242, ' RIGEL MAE P.', 'BRUZO', 208),
(243, ' JESPAUL JANO', 'BUCAYAN', 22),
(244, ' JOSHUA ANDREW ABITONG', 'BUENAFLOR', 15),
(245, ' LEXIE THERESE LAGAZO', 'BUENCAMINO', 209),
(246, ' SEAN ONIL DOCTOR', 'BUEZA', 195),
(247, ' JEREMIE NIÑA HYACINTH TOLIBAS', 'BUGAOAN', 210),
(248, ' SOFIA MARIEL BURCE', 'BUMALAY', 172),
(249, ' KEVIN CLARK .', 'BUNGABONG', 130),
(250, ' LORENZ MIKAEL YTAC', 'BUNGHANOY', 110),
(251, ' ALTHEA FELLICE TIONGSON', 'BURGOS', 183),
(252, ' ANGELA YESHUAH LEDESMA', 'BUTED', 123),
(253, ' FRITZ GERALD ALPAJORA', 'CAASI', 106),
(254, ' ELISHA JED JAICTEN', 'CABACANG', 52),
(255, ' LAWRENCE EDFEL DURADO', 'CABAHUG', 90),
(256, ' ARJUN REI ANSELMO', 'CABARLES', 208),
(257, ' JOSEPH PAUL SALVADOR', 'CABILDO', 211),
(258, ' AARON ROI SAINZ', 'CABRERA', 18),
(259, ' JOAQUIN EZAEL BARRIOS', 'CABRILLOS', 212),
(260, ' RONHITZ BOWALAN', 'CABUNGCAG', 213),
(261, ' SAM ADRIAN BENZO', 'CABUSAO', 132),
(262, ' DONITAH MAY IZZIAH MADELO', 'CACAO', 214),
(263, ' NICOLO VINCE SOLINAP', 'CADAY', 215),
(264, ' RAPHAEL PARAGAS', 'CADIENTE', 216),
(265, ' XYRUS ZOE CAYANGCANG', 'CAGANG', 217),
(266, ' ZARRAH ELAINE GERVACIO', 'CAHILES', 130),
(267, ' CZAR KENZO JAO', 'CAINTIC', 218),
(268, ' LUKE DANIEL RENZAL', 'CAISIP', 219),
(269, ' JOSEPH JORGE JOHN PAUL RINGO DELOS REYES', 'CAJAYON', 17),
(270, ' KURT KAYLAX FELICIO', 'CALADO', 122),
(271, ' KRISTINA PAULINE BANZON', 'CALEJESAN', 132),
(272, ' PRECIOUS AZIEMAH ARAGASI', 'CALI', 7),
(273, ' TERENCE MATHEW JULOYA', 'CALICA', 15),
(274, ' JEDIDIAH RAMOS', 'CALIXTO', 74),
(275, ' JOHN CARL HENSON SALVATIERRA', 'CALIZAR', 152),
(276, ' YSABELLA MARIE SUMASTRE', 'CALO', 130),
(277, ' XERLANCE MAQUILING', 'CALUYA', 220),
(278, ' JAML MICHAEL SUICO', 'CAMARILLO', 221),
(279, ' MICHAELLA KISHA PAKINGAN', 'CAMBA', 206),
(280, ' JEFFREY JR. REGALADO', 'CAMINA', 222),
(281, ' CHRIS ALEX ESGUERRA', 'CAMU', 223),
(282, ' RYLLI FRANCIS COPIO', 'CAÑADA', 218),
(283, ' JASPER VINCE .', 'CANARE', 38),
(284, ' SEAN ALDRIX LABANG', 'CANCEKAN', 139),
(285, ' RUTH JINCLARE GECANA', 'CANDELARIA', 224),
(286, ' ARTURO JOZEF BENEDICT IV MOSTRADO', 'CANDELEJA', 225),
(287, ' SHEKINAH SABACAHAN', 'CAÑETE', 226),
(288, ' PAULA MAE NIDUA', 'CANTARA', 227),
(289, ' JOSEPH DANIEL LUCENA', 'CANTILA', 228),
(290, ' KURT NATHANIEL BUDDAHIM', 'CANTO', 93),
(291, ' LEIA FRANCES MARIE MADARANG', 'CAPANAS', 63),
(292, ' ALYANNA MARIE MARIANO', 'CAPARAS', 229),
(293, ' JUSTIN LOUIE PALADA', 'CAPITO', 14),
(294, ' QUISHA MAREE IBARROLA', 'CARAG', 230),
(295, ' RON CHELO MARTINEZ', 'CARAMBAS', 12),
(296, ' ARCHY ANGAELO BADAYOS', 'CARAMPATAN', 231),
(297, ' RE PAULO NAGAÑO', 'CARGANILLO', 42),
(298, ' HANNA LOUISE TALAUE', 'CARIÑO', 232),
(299, ' DARRYL JOHN GINGCO', 'CARO', 233),
(300, ' ASHLEY NATHALIE ESTILONG', 'CAROLINO', 82),
(301, ' MHARK ANGEL MANALAD', 'CARPIO', 234),
(302, ' CHERY GAIL PEDROSA', 'CARTAJENAS', 235),
(303, ' ANDREI ANOBA', 'CARTALLA', 236),
(304, ' RAIN ANDREW SUYO', 'CARVAJAL', 237),
(305, ' MOHAMMAD NUR GUMA-OS', 'CASIB', 238),
(306, ' REISSA CZARAH TAGALOG', 'CASTIILLO', 39),
(307, ' EDWARD DUNN NICOLI ANDALLO', 'CASTILLO', 239),
(308, ' FRANCES JAN MARALLAG', 'CASTILLO', 240),
(309, ' IRVIN JOSEPH MEDINA', 'CASTILLO', 241),
(310, ' MARCO DANIEL SALMORIN', 'CASTILLO', 242),
(311, ' CHARLES NOEL LIM', 'CASTRO', 243),
(312, ' CLIFF DARREN CACHERO', 'CASTRO', 244),
(313, ' MARIA SOFIA TIMBAD', 'CASTRO', 245),
(314, ' JAMES EROL TAHUM', 'CATA-AL', 246),
(315, ' SHAWN RAGANAS', 'CATACUTAN', 247),
(316, ' YNA AYESSA BANAO', 'CATALIG', 248),
(317, ' MIKAELA DANIELLE GONZALES', 'CATARMAN', 249),
(318, ' DANIELLE YSABEL LANIP', 'CATIBOG', 250),
(319, ' YSABELLA BEATRICE UYACO', 'CATINAN', 251),
(320, ' BOB CHRISTIAN JACOB', 'CATLI', 252),
(321, ' SYRILA ERIN TORRELAVEGA', 'CATRAL', 123),
(322, ' QUEEN SOPHIA CZEL ATO', 'CATUBIG', 253),
(323, ' MIGUEL ISIDRO', 'CAYETANO', 254),
(324, ' EARL MARCUS ANSELMO', 'CAYONTE', 255),
(325, ' ILAYA ANIEDDY TERRADO', 'CEDANO', 256),
(326, ' ARIANNE MENDOZA', 'CEDRON', 34),
(327, ' MAHANA ABISH ABARABAR', 'CENTENO', 257),
(328, ' DANEIL ANTHONY NIPA', 'CERDEÑA', 32),
(329, ' DARA LIANNE SERDAN', 'CHAMEN', 258),
(330, ' ANTONIO SANTINO ONG', 'CHAN', 259),
(331, ' SEAN MARTIN YAP', 'CHAN', 42),
(332, ' SOPHIA MONIQUE ONG', 'CHAN', 260),
(333, ' MARY XZI TIMBANG', 'CHANG', 261),
(334, ' THRESIA MAERIN LUNGAY', 'CHATTO', 262),
(335, ' ELISHA NICOLE ROBLEDO', 'CHAVEZ', 263),
(336, ' LERWIN CHESTER PERALTA', 'CHENG', 264),
(337, ' ETHAN ANDREW GAYMAN', 'CHICO', 59),
(338, ' DANTE JR BISNAR', 'CHI-YOUNG', 265),
(339, ' AMELIA MARIELLE IGNACIO', 'CHU', 266),
(340, ' BRANDON BASCO', 'CHUA', 22),
(341, ' CLAIRE DARYN PEREZ', 'CHUA', 267),
(342, ' CLYDE ANTHONY SIO', 'CHUA', 95),
(343, ' LEON ISAAK LIM', 'CHUA', 93),
(344, ' WYNZ CARL BURLAT', 'CHUA', 268),
(345, ' VIKTORIA GABRIELLE E.', 'CHUNACO', 269),
(346, ' SEANNA JANELLE BELINO', 'CIOCSON', 270),
(347, ' DENZIL JOHN BERDAL', 'CLARIDAD', 32),
(348, ' JULIANA CLAIRE E.', 'CLAUDIO', 112),
(349, ' ASHLEIGH LOUISE .', 'CLAVERIA', 38),
(350, ' JHET PAUL HENRI MALANTIC', 'CLAVERIA', 271),
(351, ' MARCUS RAFAEL KALINGAG', 'COJUANGCO', 32),
(352, ' CEDRIC OWENS GAVARRA', 'COLLANTES', 272),
(353, ' FRANCHEZKA YAP', 'COLLANTES', 273),
(354, ' NATHAN KYLE REYES', 'COMETA', 274),
(355, ' ELAIZAH POLOYAPOY', 'COMPO', 275),
(356, ' ELVIRA ROSS REVALDE', 'CONCEPCION', 218),
(357, ' ADRYAN GABRIEL FERNANDEZ', 'CONTE', 93),
(358, ' NATHANIEL ABACAN', 'CONTRERAS', 271),
(359, ' CHELIE EDEN CAÑETE', 'CORAL', 52),
(360, ' ELIZA RIZ JATICO', 'CORCUERA', 116),
(361, ' JUNEL ROSE CALANTAS', 'CORDOVA', 276),
(362, ' AIRAH AVELINO', 'CORIA', 185),
(363, ' ELIJAH VINCENT CALIPES', 'CORONADO', 277),
(364, ' HANS ALBERT LAMSEN', 'CORONEL', 278),
(365, ' JUAN IGNACIO CONSULTA', 'CORONEL', 11),
(366, ' ANGELA DOMINIQUE .', 'CORPUZ', 279),
(367, ' ANI KRISTI LUCEÑO', 'CORPUZ', 6),
(368, ' ROMAR JETHRO GANER', 'CORPUZ', 222),
(369, ' SHIMRON JAY DOLIA', 'CORTINA', 280),
(370, ' ARGECO JAIRUS CASILLANO', 'COSIPAG', 87),
(371, ' JOVEN AUGUSTIN OLARTE', 'COSTALES', 82),
(372, ' CHANTAL INGRID FRANCESCA MAPAYO', 'COSTE', 134),
(373, ' KRISHELLE ABIGAIL MARTIN', 'COSTES', 189),
(374, ' BRENT TIMOTHY ORTEGA', 'CRISTOBAL', 281),
(375, ' AVARAINE MARIE LANSANG', 'CRUZ', 94),
(376, ' PATRICIA JAN DELA CRUZ', 'CRUZ', 268),
(377, ' KATRINA JANE R.', 'CRUZADO', 282),
(378, ' MICHELANE TRACEY TOGONON', 'CUAJOTOR', 52),
(379, ' FRANCIS MAXEL TALVES', 'CUANICO', 283),
(380, ' MARIA CHEYENE ASEJO', 'CUARESMA', 284),
(381, ' SOFIYA ANIKA LANTICAN', 'CUENO', 57),
(382, ' SEAN CARLO SEBASTIAN QUINIT', 'CUISON', 93),
(383, ' JOHN BENEDICT PACLAR', 'CUIZON', 133),
(384, ' LUIS GABRIEL REYES', 'CUSTODIO', 285),
(385, ' GABRIEL BENEDICT TORNO', 'DACANAY', 257),
(386, ' JAMES ANDREW CASTAÑARES', 'DADIOS', 286),
(387, ' KARYL VILLAGANAS', 'DAGANDAN', 287),
(388, ' GADRIEL SYMONE REYES', 'DALANGIN', 288),
(389, ' MA. SHALEIAH VILA PAMITTAN', 'DALUDADO', 289),
(390, ' DAPHNE ANNE GUERRERO', 'DAMO', 289),
(391, ' VANCE KRISTOFF DISTOR', 'DAMOCO', 290),
(392, ' ASHTANNA REILY AGUILAR', 'DAMOT', 291),
(393, ' ARJIE NIÑO LICANDA', 'DANAG', 292),
(394, ' THOMAS JACOB PAROT', 'DAÑAS', 293),
(395, ' KARINA LOUISE BALQUIEDRA', 'DAÑGANAN', 294),
(396, ' ALBERTA KRISTEA CABUEÑAS', 'DANGUILAN', 13),
(397, ' FRANCES HANN TOMO', 'DANTES', 95),
(398, ' MATTHEW IANNO BALLESTA', 'DAPITAN', 295),
(399, ' BIANCA FRANCINE OLEGARIO', 'DAVID', 76),
(400, ' PAULA KAYE ZABALA', 'DAVID', 296),
(401, ' WINJELYN RAMIENTOS', 'DAYANDAYAN', 177),
(402, ' JIANNA MARIE REUYAN', 'DAYOC', 52),
(403, ' CARL ANDRIE HICAR', 'DAYOT', 297),
(404, ' JOSEF FRANZ CALZADA', 'DAYOT', 298),
(405, ' JHESSO TUVILLA', 'DAYPUYART', 299),
(406, ' BRYAN CHRISTOPHER Q.', 'DAZA', 300),
(407, ' MATTHEW JOHANN DIMAMAY', 'DAZO', 301),
(408, ' LARENZ ROIE ALEA', 'DE CHAVEZ', 291),
(409, ' MA. FRANCHESKA BARJA', 'DE DIOS', 302),
(410, ' KAI RYAN KASAHARA', 'DE GUZMAN', 303),
(411, ' SEBASTIAN LUIS FARRE', 'DE GUZMAN', 304),
(412, ' JOHN GO GERONA', 'DE JUAN', 305),
(413, ' DANIELLE JADE MAGDAEL', 'DE LA TORRE', 107),
(414, ' LANCE GABRIEL ALCANTARA', 'DE LA TORRE', 159),
(415, ' CYRUS DAVE SURAT', 'DE LEON', 79),
(416, ' EDIAH ASHEN TAYAMORA', 'DE LEON', 306),
(417, ' FLAER MIRACLE ESTORNINOS', 'DE LEON', 307),
(418, ' MAXEEN ROSE BUENO', 'DE LOS REYES', 308),
(419, ' JAYMEE ALLYSON RIVERA', 'DE LUNA', 309),
(420, ' GAB ENZO YALUNG', 'DE VERA', 310),
(421, ' HANS GABRIEL DACON', 'DE VERA', 5),
(422, ' LANCE REGGIE NARCISO', 'DE VERA', 311),
(423, ' SHELDON SHAWN .', 'DE VERA', 257),
(424, ' GABRIELLA TERADO', 'DE VEYRA', 32),
(425, ' SEAN KYLE VEDEJA', 'DE VILLA', 312),
(426, ' ANDREI MITCHELL URATA', 'DECENA', 313),
(427, ' FIDELIZ JOYCE CHUA', 'DECHAVEZ', 314),
(428, ' REIGNS REUEL SUÑER', 'DECHOS', 188),
(429, ' SHANEL KYLE VILLAMOR', 'DEGALA', 315),
(430, ' ANA CARMELITA YAO', 'DEL ROSARIO', 316),
(431, ' KRIXIAN SKYE DELA CRUZ', 'DEL ROSARIO', 131),
(432, ' KRYZLYN LORA CAYABYAB', 'DEL ROSARIO', 317),
(433, ' JAN ISIAH SARMIENTO', 'DELA CRUZ', 317),
(434, ' MAXINE ANGELICA JUICO', 'DELA CRUZ', 318),
(435, ' RAIN SAMANTHA FAMERO', 'DELA CRUZ', 319),
(436, ' RB MANALIGOD', 'DELA CRUZ', 320),
(437, ' SYNT GEIAN VILLAMOR', 'DELA CRUZ', 234),
(438, ' JEAH GAMBOA', 'DELA PEÑA', 321),
(439, ' ANGELO JAMES PACARDO', 'DELA RAMA', 322),
(440, ' JONATHAN DANYELL BENOLIRAO', 'DELA TORRE', 26),
(441, ' KRISTINE ANGELINE ARNIDOVAL', 'DELELIS', 323),
(442, ' KEANE JOSH PADUA', 'DELFIN', 324),
(443, ' ADRIENNE FAYE ARROYO', 'DELLOTA', 325),
(444, ' SAMANTHA KATE ARROYO', 'DELLOTA', 325),
(445, ' JAN NICOLE COLINDRES', 'DELOS REYES', 326),
(446, ' ADRIAN LEE BALLON', 'DELOS SANTOS', 327),
(447, ' BERNICE YZA RENDORA', 'DELOS SANTOS', 328),
(448, ' RACHEL LAURYCEL FABRE', 'DELOSO', 262),
(449, ' PATRICK AARON PONCE DE LEON', 'DERECHO', 8),
(450, ' DEO ANGELO DE LOS SANTOS', 'DESAMITO', 329),
(451, ' CLIANE ERINA DACAYO', 'DESCALLAR', 12),
(452, ' BIANCA ANNE EVITE', 'DESTREZA', 330),
(453, ' AVERY LIZZ CUNANAN', 'DEYTO', 12),
(454, ' GIAN HECTOR TORAL', 'DIAMANTE', 331),
(455, ' JAYDEN ELYSZE GUIUO', 'DIAZ', 332),
(456, ' MAHER SHALAL HASH BAZ ONG', 'DIEL', 333),
(457, ' JESU MARY PAULINE SALIMBAGAT', 'DIEZ', 8),
(458, ' KEZIAH CHRISTINA SOLEDAD', 'DIEZ', 334),
(459, ' SHERYLL ROSE HAYAG', 'DIEZ', 335),
(460, ' MIKAELA MAYES', 'DIGNADICE', 38),
(461, ' JEROME ANDREI PUYO', 'DIMAANO', 336),
(462, ' RHIANA JAE CHRIZZIA -', 'DINGLASAN', 17),
(463, ' MANUEL SHADRACH IV FOJAS', 'DIOCO', 337),
(464, ' CHARLES GERARD MARI MOREDO', 'DIOKNO', 338),
(465, ' MEAGHAN INOCENCIO', 'DIOKNO', 339),
(466, ' ALLYZA BENANING', 'DISOMANGCOP', 340),
(467, ' JULE NEVIN NAMO', 'DIVINA', 95),
(468, ' SAM JETHRO PEREZ', 'DIVINA', 12),
(469, ' AVRIL APAT', 'DIVINAGRACIA', 220),
(470, ' JOHN VINCE EROL SANTOS', 'DIWA', 341),
(471, ' ETHAN NATHANIEL HERSON', 'DIZER', 342),
(472, ' MAEVE ELNASIN', 'DIZON', 343),
(473, ' JUSTIN ANTHONY PALABRICA', 'DOCDOC', 129),
(474, ' YESI JAD MADEIT SALES', 'DOCTOLERO', 8),
(475, ' HARVEY JAMES DUKA', 'DOLAR', 179),
(476, ' NATHAN CIEL HIBAYA', 'DOLLADO', 344),
(477, ' KENNETH BEJERANO', 'DOLLER', 345),
(478, ' JHUN MANUEL AGATON', 'DOMINGO', 185),
(479, ' KALEL CEDRIC MAGTOTO', 'DOMINGO', 311),
(480, ' MIA VERONICA HONTOMIN', 'DOMINGO', 346),
(481, ' NED RAMESES DUKA', 'DOMINGO', 347),
(482, ' EDRICH ESTRELLA', 'DONATO', 254),
(483, ' GERALDINE HILLARY VICOY', 'DORMITORIO', 52),
(484, ' REYSHEIL ANNE BAKABAK', 'DOROMAL', 348),
(485, ' MANUEL ANTONIO RUIZ', 'DUGAN', 349),
(486, ' GLYCELLE UNICE GIMPES', 'DULLON', 350),
(487, ' ETHAN JOSEPH BRILLANTES', 'DUMAYA', 351),
(488, ' JESS NOVABOS', 'DUMAYAC', 352),
(489, ' AARON TIMOTHY PAHIT', 'DUMLAO', 173),
(490, ' HUGH CONSTANTINE TIONGSON', 'DUMLAO', 5),
(491, ' JAMIE CAESAR M.', 'DUMPA', 353),
(492, ' DENRICK EMMANUELLE CARBONELL', 'DUNGCA', 354),
(493, ' ATHEN CHELSEA MACANSANTOS', 'DURAN', 52),
(494, ' JACEY ANTHONY LIM', 'DY', 355),
(495, ' JOSH KRISTOFF SANTAMARIA', 'DY', 192),
(496, ' MARTIN DION TAN', 'DY', 356),
(497, ' JESULEM ADAM CRUZADO', 'EBOL', 130),
(498, ' LAIRISE ANNE GONZAGA', 'EBOL', 170),
(499, ' XENNA EMMANUEL ILALIM', 'ECHANO', 56),
(500, ' LEYNCE FERNANDEZ', 'ECUACION', 357),
(501, ' AYESCENT MHARLEMAE MAG-ASO', 'EGUAC', 188),
(502, ' GERTRO FELIX DUMARAOG', 'EIMAN', 358),
(503, ' ERWIN LLOYD ESPIRITU', 'ELEP', 54),
(504, ' DOMINIC RHOWEL ACOSTA', 'EMBATE', 359),
(505, ' ARIELLE VICTORIA LAURESTA', 'ENCARNACION', 338),
(506, ' LIOR BARRETTO', 'ENCARNACION', 360),
(507, ' NEA ELAINE MARIE APITONG', 'ENIM', 143),
(508, ' MICHAEL EARL JOCSON', 'ESCOBIDO', 183),
(509, ' CAITLIN MICHELLE DEL CALLAR', 'ESGUERRA', 361),
(510, ' KARL NATHAN MATEO', 'ESGUERRA', 362),
(511, ' RENAN MAXIMUS ASIS', 'ESMALE', 259),
(512, ' DIANNE JOYCE SUMPAY', 'ESONA', 363),
(513, ' ELENA REMEDIOS ABELGOS', 'ESPERA', 364),
(514, ' ELIJAH MIGUEL CAPID', 'ESPERE', 365),
(515, ' ZOE CHRISTIENNE GARFIN', 'ESPERO', 366),
(516, ' JOHN WILLIAN MASCULINO', 'ESPINO', 367),
(517, ' BIANCA LIEZL PAMINTUAN', 'ESPINOZA', 368),
(518, ' RYLE BENEDICT ARCILLA', 'ESQUIVEL', 369),
(519, ' IRA VERNIZE DUGEÑA', 'ESTANDIAN', 370),
(520, ' LEWIS KIMI PASIGAN', 'ESTEBAN', 371),
(521, ' DANIELLE ALYX PABILLO', 'ESTELLA', 372),
(522, ' KARLOS DOMINIC PADRO', 'ESTRADA', 52),
(523, ' LEONA FRANCINE SAN PEDRO', 'EUGENIO', 222),
(524, ' CALEB EMMANUEL PATTAGUAN', 'EVA', 254),
(525, ' AYDIN CHAXADI GOLOCAN', 'EVANGELISTA', 257),
(526, ' ENZO JAN RAZON', 'EVANGELISTA', 373),
(527, ' KEESHA CHALIA CORTEZ', 'EZCOBAR', 240),
(528, ' TANYA ANG', 'FABELLA', 80),
(529, ' MOISELL YORI FESALBON', 'FADERANGA', 374),
(530, ' HAZEL ANGEL PUGAT', 'FAGEL', 76),
(531, ' YANNAH VALERIE NAVAL', 'FAJARDO', 349),
(532, ' ANDREA KATE PEROCHO', 'FAMADOR', 276),
(533, ' CHRISSIE ANNE TOMAS', 'FERNANDEZ', 11),
(534, ' MIGS CHRISTIAN MARCOS', 'FERNANDEZ', 375),
(535, ' RHEA DENNISE CASTILLO', 'FERNANDEZ', 376),
(536, ' LYRISHA MILES YABES', 'FERNANDO', 177),
(537, ' AVA JANE ALAM', 'FERRANCULLO', 377),
(538, ' DESIREE LOPEZ', 'FERRER', 378),
(539, ' AMELIE CLAIRE PANCHO', 'FESTIN', 379),
(540, ' MARY MADELINE VENCI', 'FEUDAN', 380),
(541, ' MARIA NATHALIE .', 'FIESTA', 244),
(542, ' JUNEL FALCUNITIN', 'FIESTADA', 312),
(543, ' JOSHUA PAUL R.', 'FIGUEROA', 372),
(544, ' ALCINA DOMINIQUE VIRAY', 'FLORES', 381),
(545, ' JEZROSS DIVINE QUIROZ', 'FLORES', 328),
(546, ' ELLYZA ATANOSO', 'FORES', 382),
(547, ' JOHN REINDEL AGON', 'FORTUS', 336),
(548, ' CARSTEN ANGELO BELIALBA', 'FRANCISCO', 383),
(549, ' PAUL AIDAN GUIA', 'FRANCISCO', 128),
(550, ' VYNZ EMMANUEL R.', 'FRANCISCO', 181),
(551, ' TRACY ANNE LAGNAODA', 'FREIRES', 382),
(552, ' JASMINE LAGUMEN', 'FRIAS', 207),
(553, ' XANDER LEE PACLEB', 'FRONDA', 185),
(554, ' CHARLES ADRIAN PEROS', 'FRUELDA', 384),
(555, ' SHEKINAH KISH M.', 'FRUELDA', 385),
(556, ' HAROLD DEL ROSARIO', 'FUENTES', 326),
(557, ' ELYKA MAE LACABA', 'FUGATA', 386),
(558, ' KURT GABRIEL APOSTOL', 'FULGENCIO', 387),
(559, ' RAVIN DAILE FONTANILLA', 'FULLER', 388),
(560, ' MARK ANGEL MARZAN', 'GABRIEL', 389),
(561, ' ANGELA GARCIA', 'GABUTERO', 80),
(562, ' JEDDRIX TROY FONTANILLA', 'GAFFUD', 390),
(563, ' GEOMAD PAOLO GONZALES', 'GALANG', 391),
(564, ' RUTH ABIGAIL BASIG', 'GALANO', 392),
(565, ' RHIONNA SHAJAINE', 'GALIDO', 393),
(566, ' LEAH JULIANA BAJO', 'GALIMA', 394),
(567, ' KENT JONUEL GULAY', 'GALLANA', 177),
(568, ' JENNALYN SANTOS', 'GALLENO', 395),
(569, ' CHRISTIAN QUIETA', 'GALLOGO', 174),
(570, ' ELIN IVANNE NATINDIM', 'GAMALO', 396),
(571, ' REI DAWN PILAR PANGANIBAN', 'GAMBOA', 8),
(572, ' SOPHIA NICOLE SEBASTIAN', 'GAMBOA', 11),
(573, ' FRANCESKA CLEMENTE', 'GAMUTAN', 129),
(574, ' KAEDYN FAYREL VILLEGAS', 'GANASI', 5),
(575, ' RACHEL ALYSSA GUTIERREZ', 'GANDIONCO', 366),
(576, ' PORTIA MARGARET BALDIVINOS', 'GAPOY', 397),
(577, ' DANIEL JAN MALLORCA', 'GARAY', 398),
(578, ' LANA BADUA', 'GARCIA', 399),
(579, ' PRECIOUS ANGEL BRAÑA', 'GARCIA', 20),
(580, ' VENICE BIENNE GADDI', 'GARCIA', 400),
(581, ' ZOE SAMANTHA RACELA', 'GARCIA', 351),
(582, ' VEE JAE PARAÑAQUE', 'GARELLO', 401),
(583, ' REEMA SANGCOPAN', 'GARLAN', 73),
(584, ' ZAIDA ROSEANNE BALBAG', 'GARRIDO', 402),
(585, ' CHARRISE PONDOYO', 'GARRIDOS', 55),
(586, ' CHARLES ASHLEY LU', 'GARVILLES', 185),
(587, ' SANCHO MIGUEL BHANE EGOS', 'GATUNGAY', 221),
(588, ' CHRIS PHILIP I.', 'GAURANA', 403),
(589, ' KIARA KAYLEIGH-ANN RIPALDA', 'GAUT', 32),
(590, ' CLARENCE JETHRO BASCO', 'GAVIRA', 404),
(591, ' PRINCESS NIKKA MABALE', 'GAYRAMON', 405),
(592, ' JOHN CONRAD BANTOG', 'GAZMIN', 406),
(593, ' MA. RICCI CLAVO', 'GELERA', 64),
(594, ' EZRA YSABELA GALLARDO', 'GELLECANIA', 134),
(595, ' ELISE ARWEN CATALUÑA', 'GEPANAYAO', 407),
(596, ' RINCE DAVE RAMOS', 'GERALDEZ', 408),
(597, ' JETHRO GERVIN PAJUELAS', 'GERIANE', 409),
(598, ' ANDREA DIPASUPIL', 'GESTIADA', 296),
(599, ' SAMANTHA NICOLE SURAL', 'GIANAN', 410),
(600, ' JULIAN THADDEUS CUSTODIO', 'GIBE', 411),
(601, ' KRISTINE JOY DIOSANA', 'GIGATARAS', 412),
(602, ' JYDD LOUISE PEREZ', 'GILBOLINGO', 413),
(603, ' ANGELICA CERVANTES', 'GIMENA', 278),
(604, ' ALYSSA JANE SERVANO', 'GIMENO', 414),
(605, ' LLOY CHRISTINA BANIGOS', 'GLADWIN', 415),
(606, ' CLAUDINE YSSABELLE CASINTO', 'GLORIA', 214),
(607, ' KEVIN ASHTON GO', 'GO', 416),
(608, ' YESHA ALEXANDRA BERSALOTE', 'GOCOTANO', 218),
(609, ' ANTON XAVIER FERNANDEZ', 'GODINEZ', 417),
(610, ' ALEX GOHOCKAUN SY', 'GOH', 418),
(611, ' KELSEY MARIE VELARDE', 'GOMEZ', 419),
(612, ' PAULENE MAY NOEL', 'GOMEZ', 420),
(613, ' JOSE MA. ALFONSO DAYAO', 'GOMOS', 421),
(614, ' NATHAN DOMINIC MONREAL', 'GONDRA', 422),
(615, ' PAUL NELSON RUBA', 'GONZAGA', 423),
(616, ' ISABELLA SABINE GARMA', 'GONZALES', 424),
(617, ' LEIGH CYNDRELLE CIMAFRANCA', 'GONZALES', 425),
(618, ' MAYA ALEXIS BALANGUE', 'GONZALES', 426),
(619, ' TRACY JOANNE BAUTISTA', 'GOONETILLEKE', 84),
(620, ' GWYNETH BEA MAISOG', 'GORGOLON', 427),
(621, ' KRISTAN TYRO TORRES', 'GOROSPE', 428),
(622, ' DAN LI TANZO', 'GOZO', 296),
(623, ' MOSES ARMAN DELA CRUZ', 'GRANADO', 429),
(624, ' EMMANUEL GONCENA', 'GREGORIO', 430),
(625, ' AYANNA TRACY TAN', 'GREGORIOS', 431),
(626, ' JEANNINE KIRSTEN SALUNA', 'GRIARTE', 432),
(627, ' ALLESANDRA PAZ ABUAN', 'GUALBERTO', 433),
(628, ' TAHNIA JANNINE ABROGAR', 'GUARIN', 93),
(629, ' KHIANN PACHECO', 'GUERRA', 362),
(630, ' AYASHA NIALL LEE L.', 'GUERRERO', 434),
(631, ' YAEL GOZE', 'GUERRERO', 295),
(632, ' RUTHCELL CABANG', 'GUIBAY', 190),
(633, ' AGUSTINE MIKAEL ABONG', 'GUIDOTTI', 265),
(634, ' PAULEEN MARIAH SORIANO', 'GUISDAN', 265),
(635, ' ANNELIESE LAPIS', 'GUTIERREZ', 12),
(636, ' MATTHEW MADALAG', 'GUTIERREZ', 435),
(637, ' TABITHA GABRIELLA', 'GUYLL', 436),
(638, ' MAYREEN ANGELA ESTROPIGAN', 'HABAL', 437),
(639, ' DANE EZEKIEL CAÑEDO', 'HABLO', 438),
(640, ' LAURENCE BALBAGUIO', 'HAPIN', 439),
(641, ' SYED BARKIA NAKAN', 'HASHEMI NIK', 440),
(642, ' PRINCESS JAMAECA SULTAN', 'HASSAN', 441),
(643, ' MA. ELEANA ISABELLE ALJIBE', 'HAUTEA', 111),
(644, ' BJORN BOBBY BANLUTA', 'HELLIKSEN', 442),
(645, ' RANIEL PALOMERAS', 'HERMOSILLA', 443),
(646, ' FRANCHESKA MIA CATLY', 'HERNANDEZ', 17),
(647, ' JOSSPHER BAUTISTA', 'HERNANDEZ', 444),
(648, ' CARLOS JOAQUIN GO', 'HERRERA', 404),
(649, ' ALEXANDRA POQUITA', 'HIBAYA', 445),
(650, ' FELIX III A', 'HILOMEN', 446),
(651, ' MARIA SOPHIA BALLESTEROS', 'HIPONIA', 239),
(652, ' MIGUEL YSHMAEL JAVIER', 'HOSILLOS', 421),
(653, ' JANA SOFIA ESCOLAR', 'HUPP', 364),
(654, ' KHAIRONNISAH CADER', 'IBRAHIM', 73),
(655, ' CARMELA NICOLE SAGUN', 'IGARTA', 447),
(656, ' ALEXIE KHO', 'ILAGAN', 448),
(657, ' ALBERT GIAN GENOVA', 'ILDEFONSO', 449),
(658, ' JAN JENVER ANICAL', 'ILUMIN', 450),
(659, ' LINUS LAQUINON', 'IMPUESTO', 451),
(660, ' JOHN CHRISTOPHER MASAYON', 'INFANTE', 149),
(661, ' CHESCA DELA PEÑA', 'IRLANDEZ', 452),
(662, ' MARIE MONTSERRAT CASIPONG', 'IROY', 453),
(663, ' JEAN GABRIEL BASKINAS', 'ISIDORO', 12),
(664, ' VICTOR CHRISTIAN VILLADAR', 'ISRAEL', 287),
(665, ' PETER PAUL AUZA', 'JABINES', 454),
(666, ' BIANCA NADINE DEMAISIP', 'JACINTO', 41),
(667, ' EARL STEPHEN ROSAL', 'JAGUIT', 455),
(668, ' JOHANNES CLAIRE GONZALES', 'JALAPON', 15),
(669, ' MARCON BRUCE DIANO', 'JAMERO', 8),
(670, ' THERESE MARIE ESTEMBER', 'JARANILLA', 456),
(671, ' JAHARA MAY A.', 'JARMIN', 445),
(672, ' RIO JHON P.', 'JASMIN', 457),
(673, ' OGDEN MICHAEL BAUTISTA', 'JAVIER', 458),
(674, ' RAFFY JOHN KART ADINIG', 'JOAQUIN', 459),
(675, ' ZEKE FROY CARISMA', 'JONDAYRAN', 412),
(676, ' ZYRA CHASTE MAGUSARA', 'JOSE', 460),
(677, ' JOHN JACELA', 'JOSOL', 53),
(678, ' LANCE SAMUEL AQUINO', 'JOYOHOY', 130),
(679, ' DIANAH FAITH CORPUZ', 'JUANER', 18),
(680, ' DANIELLE LIQUE', 'JUGANAS', 461),
(681, ' JOHN BRANDON CASING', 'JULIAN', 462),
(682, ' MARI ISABELLA DUMANJOG', 'JULIANO', 301),
(683, ' DANIEL EDGAR ARENAL', 'JULOW', 214),
(684, ' ERROL MARK TABLATIN', 'JUMALON', 149),
(685, ' KLEHNT IZAAC A.', 'JUMAU-AS', 55),
(686, ' EDWARD ISAAC TUBONGBANUA', 'JUMAWAN', 463),
(687, ' MARY ROLYN CASTOR', 'JUSTINIANI', 464),
(688, ' AUDREY YANNAH ZABALA', 'KASAN', 412),
(689, ' LORENZO FRANCO DUBA', 'KASILAG', 13),
(690, ' RAPHAEL LORENZO MANGIO', 'KATIGBAK', 428),
(691, ' CASSEY LLOREN CAMINGUE', 'KHO', 110),
(692, ' CARL JAMES MATEO', 'KIMAYONG', 465),
(693, ' ATHENA GABRIELLE ATIENZA', 'KIMWELL', 418),
(694, ' YULA ISABEL GONZAGA', 'KINDICA', 247),
(695, ' YUNA MARIE GONZAGA', 'KINDICA', 247),
(696, ' ANTHON GABRIEL PARIAN', 'KINTANAR', 160),
(697, ' PAOLO JAY ARGANA', 'LABINDALAWA', 204),
(698, ' ERIN NAOMI JUMAWAN', 'LABINE', 128),
(699, ' AKHIE NEHRU FUKUDA', 'LABIS', 130),
(700, ' MYRILLE SHANICE G.', 'LABO', 249),
(701, ' MAR RUPERT BATE', 'LABORADA', 420),
(702, ' DAINELLE ANGELO ANDRES', 'LABUTON', 466),
(703, ' BRYLE ADRIAN PATINDOL', 'LACABE', 467),
(704, ' BRETT BINWAG', 'LACSINA', 82),
(705, ' JOHN LOUIS LEONARDO', 'LACUESTA', 179),
(706, ' ALTHEA JULIANNA BLANCO', 'LADEZA', 408),
(707, ' ARIANNE GAYLE SANTIAGO', 'LAENO', 127),
(708, ' FRANCIS JAY ALCALA', 'LAGMAN', 468),
(709, ' IAN GABRIEL BENEDICTO', 'LAGOC', 469),
(710, ' PATRICIA MAEGAN CHUA', 'LAGUITAO', 378),
(711, ' MARIA BERNADETTE MANLUSOC', 'LANDICHO', 470),
(712, ' AVRIL LOIS CUNANAN', 'LANIOJAN', 471),
(713, ' SHAUN LAUREN FERNANDEZ', 'LANNU', 387),
(714, ' LAURICE REIGN LIM', 'LANTO', 472),
(715, ' AYESAH HASMIN SARIP', 'LANTUD', 73),
(716, ' AXEL ANDRE BUENSUCESO', 'LAO', 348),
(717, ' BRENAN LOUIS TUGA', 'LAO', 473),
(718, ' HILARY KIRSTYNN FRANCISCO', 'LAO', 474),
(719, ' LLEYTON SIGMANN DELA CRUZ', 'LARA', 240),
(720, ' SOPHIA NICOLE PASCUAL', 'LARA', 475),
(721, ' MARCO LOPEZ', 'LARISCA', 476),
(722, ' LEI VALERIE PUDE', 'LAROCO', 206),
(723, ' JANNO TRAVIS KIBLA', 'LARTEC', 290),
(724, ' NIEL IVAN ANINO', 'LASCO', 15),
(725, ' FRANCIS RAPHAEL GARCIA', 'LAVAPIE', 42),
(726, ' BRITANY KRIZHA TAMONDONG', 'LAWAGAN', 477),
(727, ' MONIQUE JHOIENYL REMON', 'LAXINA', 478),
(728, ' KATHERINE GAMBOA', 'LEAL', 421),
(729, ' PATRIC XAMWELL CRUZ', 'LEGASPI', 479),
(730, ' LOUISE MIKAYLA RENOMERON', 'LELINA', 32),
(731, ' FAITH HAMCHELLE EDIG', 'LEONG', 480),
(732, ' VICTORIA CHIJMES MEJIA', 'LEONIN', 26),
(733, ' ANDREA MIKAELA SI', 'LEONOR', 89),
(734, ' THOMAS EUGENE RILLORAZA', 'LEUNG', 481),
(735, ' ELIJAH JAMES JUANCO', 'LIANG', 449),
(736, ' ASHTORETH NICOLE GERVACIO', 'LIBERATO', 201),
(737, ' PRINCE NAMOR NATIVIDAD', 'LIBUNAO', 482),
(738, ' MARCO CEDRICK DIESTRO', 'LIGTAS', 483),
(739, ' YONA AYESSA MARI ACMA', 'LIGUID', 168),
(740, ' ELLYCE JAE UY MATIAO', 'LIM', 473),
(741, ' FRANCESCA MARGARET SABIDO', 'LIM', 484),
(742, ' PRINZ JAKOB CANUBIDA', 'LIM', 421),
(743, ' VALENTIN MARTEE CAGALINGAN', 'LIM', 65),
(744, ' STEVEN SHAN TRIESTE', 'LIMA', 485),
(745, ' MIKAEL NATHAN LLOREN', 'LIMBO', 8),
(746, ' JACOB BENEDICT VISTE', 'LINCO', 3),
(747, ' FRANZ ACHILLES CERBO', 'LINDAYAG', 8),
(748, ' CEDRIC WILLIAM SINDAYEN', 'LINDOGAN', 325),
(749, ' JOB CARSON BALITA', 'LISBOA', 486),
(750, ' MARY PEARL AZARCON', 'LIWANAG', 487),
(751, ' SHANDER ANGELO TUAZON', 'LIWANAG', 488),
(752, ' JOSEPH R.', 'LLANDERAL', 56),
(753, ' ALYSA CORINNE TONGSON', 'LLANTERO', 489),
(754, ' LIV ERILYN LOZANO', 'LLANTO', 224),
(755, ' ZENDRICK RHYSS ABAIGAR', 'LLANTO', 218),
(756, ' CYRUS MARTINO SEMILLA', 'LLORANDO', 270),
(757, ' GABRIEL BARBACENA', 'LLORANDO', 140),
(758, ' RICH MAMAERT ANDAYA', 'LOGRONIO', 490),
(759, ' GABRIELA ISABEL DE LOS SANTOS', 'LOPEZ', 183),
(760, ' IZABELLA PACETE', 'LOPEZ', 295),
(761, ' KAROLINA VICTORIA DIONELA', 'LOPEZ', 491),
(762, ' LEAN ANTONIO ARIOLA', 'LOPEZ', 8),
(763, ' HANNAH ANGELA ASUNCION', 'LORENZO', 137),
(764, ' JAY ADRIAN MARBELLA', 'LOTIVIO', 140),
(765, ' ARABELLA SOTES', 'LUARDO', 492),
(766, ' YRROL DAVE VILLANUEVA', 'LUAYON', 493),
(767, ' MHECAELLA ANGELIC MENORIAS', 'LUBRIDO', 494),
(768, ' SHAJEEDAH EDRIS', 'LUCAS', 441),
(769, ' RALF EAN DULAY', 'LUCENA', 116),
(770, ' ADRIENNE RAE SANGALANG', 'LUCERO', 257),
(771, ' HARVEY IAN VISTA', 'LUCIDO', 495),
(772, ' JULES CLARENCE YABO', 'LUMANTAS', 134),
(773, ' EDUARD CRIS ASUNAN', 'LUMBO', 90),
(774, ' JANNELLE LIAN GONZALES', 'LUTERIA', 496),
(775, ' FRANZ ERICH ALVAREZ', 'LUY', 497),
(776, ' RAZAN MARADIAL', 'MACABANTOG', 190),
(777, ' FIONA NADINE GARSAIN', 'MACALALAG', 259),
(778, ' KATE DENICE CAYANAN', 'MACAPAGAL', 311),
(779, ' DEAN MIKHAIL GARCIA', 'MACARANAS', 498),
(780, ' PERCIVAL IV QUINTO', 'MACARANAS', 499),
(781, ' ABDUL JABBAR DIALEM', 'MACARAYA', 188),
(782, ' JAMES MATTHEW CANARE', 'MACASPAC', 77),
(783, ' MAE LARU-AN', 'MACPHERSON', 8),
(784, ' RALPH JHENRIECH BAPTISTA', 'MACULAM', 500),
(785, ' GERMAINE AMBER SAMONTE', 'MACUSI', 501),
(786, ' HALEIGHA AYEEN GANIGAN', 'MADAYAG', 502),
(787, ' MARIE SOPHIA PARIS LICO', 'MADRIÑAN', 503),
(788, ' LEBRON JAMES MAMENTA', 'MAESTRADO', 504),
(789, ' GAEA MARISSE ENOC', 'MAGADIA', 505),
(790, ' NICOLE ANDREA LONGARA', 'MAGADIA', 461),
(791, ' ROSWELL BENEDICT TUKMO', 'MAGALLANES', 506),
(792, ' ZABDIEL AUSTIN OCAMPO', 'MAGNAYE', 17),
(793, ' RHAINE JEROME MAGSINO', 'MAGPANTAY', 507),
(794, ' TRISHA MAE ABALORIO', 'MAITIM', 508),
(795, ' MARGARETH KARELLE PATOLOT', 'MALABANAN', 509),
(796, ' JOSH RAPHAEL MEJORADA', 'MALACAS', 510),
(797, ' SEBASTIAN CARMICHAEL GONZALES', 'MALANA', 511),
(798, ' NELL ADISON SAMIENTO', 'MALBOG', 44),
(799, ' MARIA FRANCHEZKA MARIANO', 'MALIG', 512),
(800, ' XANI NOLI LIM', 'MALLAPRE', 272),
(801, ' JOHN RODOLF MADERA', 'MALLORCA', 513),
(802, ' KHATE MIKHAELA BROOKE ANTONIO', 'MALLORCA', 220),
(803, ' RANILO JR. CERVANTES', 'MALONG', 514),
(804, ' ALEXANDER JAN MACADAB-UM', 'MALONJAO', 185),
(805, ' ZAC PARAHAN', 'MALTO', 371),
(806, ' KHALID H.', 'MAMA', 515),
(807, ' AVRICK JANLEY SUNDIAN', 'MAMACLAY', 44),
(808, ' EZEKIEL ANTONIO GASPAR', 'MAMARIL', 421),
(809, ' MATTHEW LUIS UNIDA', 'MAMPUSTI', 499),
(810, ' KATE DOMINIQUE CATALAN', 'MANA-AY', 49),
(811, ' RIZH KEILAH DURANZA', 'MAÑAGO', 516),
(812, ' MYK XIAN CARL MINGI', 'MANALAYSAY', 517),
(813, ' SANTINO GABRIEL ARABES', 'MANALILI', 518),
(814, ' ALDRICH BRYAN SANTOS', 'MAÑAOL', 519),
(815, ' EDMOND DELA CRUZ', 'MAÑAS', 475),
(816, ' MARIA ESTRELLA PASICOLAN', 'MANAUIS', 106),
(817, ' REGIN MAE LARGO', 'MANDAWE', 520),
(818, ' AZRA SALACOP', 'MANGARUN', 521),
(819, ' YUL ZION SEÑA', 'MANGMANG', 522),
(820, ' EVAN MICHAEL PACELO', 'MANGULABNAN', 265),
(821, ' LENA CLEOFE CAJILOG', 'MANIBA', 523),
(822, ' MARC ZANRHO ZARATE', 'MANICAD', 524),
(823, ' TRISHA MARIE HERNAEZ', 'MANIQUIS', 142),
(824, ' STEPHANIE AGOT', 'MANLIGUES', 129),
(825, ' JOACHIM REUEL DE CASTRO', 'MANONGDO', 525),
(826, ' JANINE MERL ACHA', 'MANSALAPUS', 17),
(827, ' ALEXANDER RYAN DIMANLIG', 'MANUEL', 526),
(828, ' EZELA ALTHEA ALCUEZAR', 'MANUEL', 116),
(829, ' CHRISTINA MARTINE CAPONONG', 'MANZARES', 527),
(830, ' REBECCA GEMMA SANDAGON', 'MAPOLA', 36),
(831, ' CAIRISTIONA REBECCA G.', 'MAR', 528),
(832, ' RYIN YVES CERENO', 'MARAMOT', 529),
(833, ' LANCE JESU QUINALAYO', 'MARAON', 287),
(834, ' ETHAN WESLEY PEREZ', 'MARASIGAN', 199),
(835, ' JAMES DANIEL BALITA', 'MARASIGAN', 530),
(836, ' BRYANN JABIN DIESTO', 'MARCELINO', 531),
(837, ' MAURIZIO JUGO', 'MARCELO', 57),
(838, ' ELIJAH JOSEPH REYES', 'MARIANO', 532),
(839, ' KAYE YLISSABETH BACOS', 'MARIANO', 111),
(840, ' CHRISMYSHELL CRUZ', 'MARISTELA', 216),
(841, ' LING KEI SNOW .', 'MARQUEZ', 533),
(842, ' RAEL LUIS ALONZO', 'MARTIN', 137),
(843, ' JEHAN DAVE DURA', 'MARTINEZ', 130),
(844, ' MARIE EMMANUELLE BARRAMEDA', 'MARTINEZ', 26),
(845, ' GABRIEL REYES', 'MARTIREZ', 272),
(846, ' RAMON JR. MARIANO', 'MARUAL', 36),
(847, ' ANGEL FAITH OBLIMA', 'MARZOÑA', 154),
(848, ' SHANELLA JAEL NACASABOG', 'MATILDO', 534),
(849, ' ALEAH MARGARETTE MORENO', 'MATINONG', 349),
(850, ' ANWARODEN EBUS', 'MAULANA', 441),
(851, ' KIRA MAYUMI ENOJO', 'MAURICIO', 368),
(852, ' MOON JEWEL CHRISTIENNE JAVIER', 'MAYORMITA', 287),
(853, ' JOSHUA CERILLO', 'MEDIAVILLO', 207),
(854, ' REYNALDO DAVE YANZON', 'MEDINA', 535),
(855, ' ANDONI JAMES ANIMAS', 'MEDIODIA', 84),
(856, ' ELISHA ARWEN ARPILLEDA', 'MEDRANO', 536),
(857, ' KYLE SEBASTIENE BELARO', 'MEDRANO', 537),
(858, ' MILETTE ALEIAH SALVADOR', 'MEDRANO', 127),
(859, ' ALIYAH QWYNZY EDILLORAN', 'MEDUL', 327),
(860, ' MAUD ANNE N / A', 'MEJIAS', 259),
(861, ' RACHEL MARIE GRACE DELENA', 'MEJORADA', 95),
(862, ' ISABELLE THERESE FLORETE', 'MENCHAVEZ', 95),
(863, ' JENUS NABOR', 'MENDEZ', 201),
(864, ' LOREN SOPHIA ESPENIDA', 'MENDIOLA', 314),
(865, ' ADRIAN JACE ALCOBA', 'MENDOZA', 538),
(866, ' ALYZZANDRA BARBASA', 'MENDOZA', 32),
(867, ' CHARLES ADRIAN DE LA PEÑA', 'MENDOZA', 452),
(868, ' CONTESSA CHRISSE ANDREIA GALUT', 'MENDOZA', 539),
(869, ' KIM CLARISSE LIAO', 'MENDOZA', 540),
(870, ' JOHN PAUL RAYO', 'MERCADO', 182),
(871, ' ANDREW GOTIZA', 'MERCURIO', 541),
(872, ' GABRIELLE KYLA SUSON', 'MERLAS', 190),
(873, ' RAYMOND II REY', 'MESINAS', 225),
(874, ' HANS MATHEW GUSTILO', 'MESTIDIO', 107),
(875, ' JERRIELYN AQIUNO', 'MIGUEL', 542),
(876, ' MARSHA JAY MEJIA', 'MIGUEL', 543),
(877, ' BAINAIRAH MASCARA', 'MINDALANO', 73),
(878, ' RICA ELAINE BARCELON', 'MINGUEZ', 544),
(879, ' ETHAN RUSSEL LONIZO', 'MIRABUENO', 545),
(880, ' KATRIZ JULIENNE ARANETA', 'MIRAVALLES', 546),
(881, ' LORAINE MAE MATOBATO', 'MISOLES', 134),
(882, ' MARK CIELO GONZALES', 'MITRA', 547),
(883, ' MARIE NICOLE P.', 'MOLINA', 10),
(884, ' MARIA VENICE LAHOYLAHOY', 'MONSANTO', 168),
(885, ' MARIA JILLIANA CORONEL', 'MONTEALEGRE', 163),
(886, ' LOUISE NIÑA BASAN', 'MONTECLARO', 548),
(887, ' JULLIAN CLARK BANZON', 'MONTERO', 52),
(888, ' ANGELI FUENTEBELLA', 'MONTILLA', 130),
(889, ' ELI LOURD ACAS', 'MONTON', 405),
(890, ' DIRK VAN ROVE PAMAT', 'MORALES', 130),
(891, ' MIGUEL GALARIO', 'MORALES', 391),
(892, ' JOHN MARK AGUSTINE GALLINERO', 'MORANO', 84),
(893, ' ELIANA KATARINA BITERA', 'MORIN', 549),
(894, ' DIOGN LEI ROMANO', 'MORTERA', 550),
(895, ' IZAAC ALLAUIGAN', 'MUECA', 173),
(896, ' AMBER THERESE BAYER', 'MULSID', 551),
(897, ' FRANCHESKA Y.', 'MUNOZ', 30),
(898, ' SIENA YLLAINE ABERGAS', 'MUÑOZ', 136),
(899, ' ANNE DEE MASBATE', 'MURILLO', 552),
(900, ' KALIAH ELLA TABAO', 'MURILLO', 553),
(901, ' DIETHER BONN JR. ULAR', 'MUSA', 554),
(902, ' JALALODEN TOROGANAN', 'MUSTAPHA', 7),
(903, ' KHAYR M.', 'MUTI', 420),
(904, ' MICAH ALEJANDRA LUMAYAG', 'NACIONAL', 190),
(905, ' LYZA RHEY MURING', 'NAGAR', 555),
(906, ' HERON GABRIEL ENARGAN', 'NALASA', 366),
(907, ' MARIANO RANZESCO IV DALIDA', 'NALUPTA', 556),
(908, ' ELISS OSKAR SIOSON', 'NANTES', 441),
(909, ' JASMINE ICE ROSVIRG PLANILLA', 'NAPALINGA', 546),
(910, ' KYLE RAVINN CONGZON', 'NASE', 557),
(911, ' REBB JORENZ BAQUIRAN', 'NASIBOG', 558),
(912, ' ALRAJHI MADID', 'NASRODIN', 7),
(913, ' PRINCESS SHARIMAH DICOL', 'NATANGCOP', 362),
(914, ' MORISH RYV CABAHUG', 'NAVALES', 559),
(915, ' GIAN LUIS LUGA', 'NAVALTA', 8),
(916, ' CARSTEN JOHN NAMANAMA', 'NAVARRO', 560),
(917, ' LLOYD SAMUEL NABULNEG', 'NAVARRO', 387),
(918, ' RITZE CLARENCE BALUBAYAN', 'NAZARENO', 561),
(919, ' ALYSA KATE KIMMAYONG', 'NEBRIDA', 562),
(920, ' KATE ANGELA NONZARES', 'NGITIT', 563),
(921, ' NATALJA FERNANDEZ', 'NICOLAS', 564),
(922, ' ZACHARY TALIB', 'NIELO', 504),
(923, ' DRAKE JOSEPH NAVARRO', 'NIRO', 209),
(924, ' SIMONE MATTHEW ALBAO', 'NISOLADA', 331),
(925, ' CAELYN JAHZARA ZANTUA', 'NOGOY', 565),
(926, ' CHESTER NICHOLAS TUMABAO', 'NOGUERAS', 566),
(927, ' JOSE ELEAZAR CAMMAGAY', 'NOJEDA', 289),
(928, ' KAYLEIGH SOPHIA CAGANG', 'NOMAN', 412),
(929, ' NATHANIEL ERICH ABRIOL', 'NORA', 12),
(930, ' MAYVEN GERARDO', 'NORBERTE', 567),
(931, ' EMIL SEBASTIAN LEE CAUBALEJO', 'NUCUM', 5),
(932, ' ANDREI JEROME HECHANOVA', 'NUGAS', 8),
(933, ' JAMILAH HODA AMPATUAN', 'NUR', 441),
(934, ' LOLINETTE DEJESA', 'OCA', 371),
(935, ' DHENZEL ANNE TURLA', 'OCAMPO', 568),
(936, ' MATTEO ANTONIO BONIFACIO', 'OCAMPO', 5),
(937, ' GREG ADRIAN BONGO', 'OCLARIT', 569),
(938, ' JUSTINE VALDEZ', 'ODVIAR', 570),
(939, ' OENMAR DEUS ODEVER', 'OFIANGA', 528),
(940, ' JANSON AARON NGO', 'OGOC', 571),
(941, ' KEN AURTHER MILEK GARCIA', 'OIRA', 9),
(942, ' AI NAYBE', 'OKUYAMA', 572),
(943, ' RICHARD HARRIER MAGALLON', 'OLEA', 269),
(944, ' KARL BENEDICT SAÑEZ', 'OLMEDILLO', 573),
(945, ' CHLOE ZABALLERO', 'OMAMBAC', 201),
(946, ' ZECH DOMINI R.', 'ONDE', 287),
(947, ' ISHI HANNAH AGUILAR', 'ONG', 574),
(948, ' JEA LEANNE BERNARDO', 'ONG', 404),
(949, ' JOSEPH MEDARD SERRANO', 'ONG', 575),
(950, ' JULIANNA MARIE NGCHEE', 'ONG', 576),
(951, ' SEBASTIAN THEO SONGALIA', 'ONG', 14),
(952, ' RALF JOSEPH CAMAGOS', 'ONGBAY', 572),
(953, ' IREENA ELEEN CADIENTE', 'ONGYACO', 577),
(954, ' BRIAN FREDERICK OMAR ALMERO', 'OOSTERHOF', 130),
(955, ' EZEKIEL KABUNYIAN DE LEON', 'OPIÑA', 257),
(956, ' VICTORIA ALEXANDRA', 'ORDONA', 415),
(957, ' ALFRANCIS NIÑO BANDAY', 'OREJUDOS', 550),
(958, ' DIAN CHRISSE CLEMENTE', 'ORONGAN', 183),
(959, ' DANIELLE LOUISE C', 'ORQUE', 578),
(960, ' ZILLAH MOSELLE PALUBON', 'ORTIZ', 356),
(961, ' ASHLEY JASMINE RIVERO', 'ORTUA', 579),
(962, ' NATHAN REUBEN ANDRES', 'OSABEL', 273),
(963, ' KIAN GEOFF LARGO', 'OTILLA', 207),
(964, ' EMEPEROR FRANZ AMABETH GUTIERREZ', 'PACAÑA', 580),
(965, ' HIMAYA ELLA PADRIGA', 'PADILLA', 581),
(966, ' RHEA JEANNE PALEN', 'PADILLA', 582),
(967, ' CHARLAISE DELA CRUZ', 'PAGARIGAN', 484),
(968, ' SAMANTHA AZARRAGA', 'PAGAURA', 130),
(969, ' NICKZEL JOHN GALIZA', 'PAGAYATAN', 476),
(970, ' JAMES ALBERT JUNTILLA', 'PAGUARA', 130),
(971, ' ALEXA MAY FRIAS', 'PALAD', 47),
(972, ' JULIENE NISSI ORFIANO', 'PALADA', 82),
(973, ' YSAAC BETHUEL ALEJO', 'PALIBINO', 101),
(974, ' ANDREA ZYRENE PARDO', 'PALISOC', 82),
(975, ' KYLLA LLOYD CASTOR', 'PALMA', 38),
(976, ' TERISHA DEB MARIE BRIONES', 'PALMES', 325),
(977, ' RONAN NIÑO SOTILLO', 'PALOMARES', 583),
(978, ' HANS KENZO UYGONGCO', 'PAMA', 348),
(979, ' JAEDA VICTORIA DEL MUNDO', 'PANAHON', 257),
(980, ' ANGELI ELIZALDE JR. ASUNCION', 'PANAL', 185),
(981, ' CASSANDRA ALLYSA ANCHETA', 'PAÑEBE', 532),
(982, ' EVAN JUSTIN ESCOBAR', 'PANERGO', 125),
(983, '', 'PANGANDAMAN', 584),
(984, ' ANGEL MAE BUHATIN', 'PANGANIBAN', 272),
(985, ' ARIANNA ISABELLA DURBAN', 'PANGANIBAN', 585),
(986, ' LUKE EDWARD IDJAO', 'PANGANIBAN', 586),
(987, ' PERIEL MATTHEW BANDA', 'PANGANIBAN', 9),
(988, ' MARIA ISABELLA ALCAZAREN', 'PANGILINAN', 496),
(989, ' MATT BENEDICT TAN', 'PANOY', 268),
(990, ' LESANRA GEL RAMOS', 'PANULAYA', 587),
(991, ' JULIANNE NOGOY', 'PARALLAG', 239),
(992, ' CYBEL RADORES', 'PARAN', 588),
(993, ' DYRE RAPHAEL BENAURO', 'PARCHAMENTO', 589),
(994, ' ALYANA YRONN WALAWALA', 'PAREDES', 454),
(995, ' ALYSA FAITH PACON', 'PAREJO', 569),
(996, ' MA. JANELLE BACULI', 'PASCUAL', 590),
(997, ' MORWIN BENEDICT J', 'PASIOL', 591),
(998, ' AYESHA LEA BADONIO', 'PASU-IT', 592),
(999, ' EDISON LUA', 'PATES', 258),
(1000, ' JANA RAIZA FREDELUCES', 'PATIÑO', 364),
(1001, ' RAFAEL MANZANO', 'PAULINO', 26),
(1002, ' DOMINICK MARTINE TAPOSOK', 'PAYSON', 366),
(1003, ' ANNE GABRIELLE ABUTAL', 'PAYUNAN', 593),
(1004, ' VANN REINAHLD DOROY', 'PAZ', 312),
(1005, ' VINCENT LAURENCE QUITAIN', 'PECSON', 8),
(1006, ' FLORANTE JEANNE TOLENTINO', 'PEDRONAN', 73),
(1007, ' WYNONA AUDREY LOMIBAO', 'PEEL', 265),
(1008, ' ALYSSA MARIE EXIM', 'PELLERIN', 91),
(1009, ' PHOENIX EUGENE COBAR', 'PELO', 594),
(1010, ' ANTONIO RAUL LUMABAS', 'PEÑARANDA', 3),
(1011, ' ERRVARD JERREMIAH JAVIER', 'PENERA', 132),
(1012, ' ELIJAH EARTH DAMASO', 'PENIANO', 595),
(1013, ' AKISHA LUJAYN VIÑA', 'PERA', 596),
(1014, ' ANNIKA ZELINE AGRA', 'PERALTA', 597),
(1015, ' LEIMAR TRISTAN ORTEGA', 'PERALTA', 179),
(1016, ' ZYANN JOSEPHINE INES', 'PERALTA', 598),
(1017, ' HANNAH FAITH TUMANENG', 'PEREZ', 599),
(1018, ' SHANELLE VALERIE P.', 'PEREZ', 396),
(1019, ' STEVEN LEE MOLINA', 'PEREZ', 600),
(1020, ' DEREK JACOB PLASABAS', 'PERSIGAS', 141),
(1021, ' LADY AMYDELLE SALVADOR', 'PESCADOR', 601),
(1022, ' MARY BIANCA B.', 'PHIPPS', 602),
(1023, ' QUINCY KAMYL MANDATE', 'PILAR', 20),
(1024, ' QANDISHA NEVEAH BALANCIO', 'PIMENTEL', 257),
(1025, ' CARL ADRIAN GOTIANGCO', 'PINEDA', 603),
(1026, ' ELIJAH MARK MANLAPAZ', 'PINEDA', 604),
(1027, ' WILLIAM YOHAN BAJO', 'PINLAC', 93),
(1028, ' YUKI XIS PASIA', 'PIOSCA', 605),
(1029, ' JOSHUA ANDREW T.', 'PLACIDES', 272),
(1030, ' SAMANTHA BADELLES', 'PLANDO', 73),
(1031, ' PJ WILHELM MALLARE', 'PLUTERIA', 606),
(1032, ' BRENT MATTHEW CHAN', 'PO', 76),
(1033, ' KIARA BATILARAN', 'POLVOROSA', 607),
(1034, ' FRANCIS KYLE LADRERO', 'PORLARES', 608),
(1035, ' KARLA MARITHE JOSH MUYCO', 'PORLARES', 609),
(1036, ' ROSE MARGUERITE TAGLUCOP', 'PORMIENTO', 258),
(1037, ' JENLEX DEPAOR', 'PORRAS', 610),
(1038, ' SOPHIA VICTORIA DE NUEVO', 'PORRAS', 611),
(1039, ' JIREH CONCEPCION BATERNA', 'PORTRIAS', 262),
(1040, ' NATALIE DELLE DALUPANG', 'PORTUGALEZA', 52),
(1041, ' KATHLYN MAE SARCIA', 'POSTRADO', 163),
(1042, ' JO LEO PELAEZ', 'PRESALDO', 612),
(1043, ' AARON VALENZUELA', 'PRIANES', 613),
(1044, ' NICHELLE BEATRIZ SALINAS', 'PRIVANDOS', 570),
(1045, ' RHEA MAE ARGUELLES', 'PROFETANA', 53),
(1046, ' REM DOMINIC GONZALES', 'PRUDENTE', 614),
(1047, ' GABRIEL DARWIN ZARA', 'PUNSALAN', 284),
(1048, ' KRISHA KAYE D', 'QUEBEC', 452),
(1049, ' MARRA ALLIYAJ NICOLE BONDOC', 'QUETULIO', 615),
(1050, ' ZARAH NIKOLAI CANTERO', 'QUEZON', 616),
(1051, ' KARI MARCUS SISTER', 'QUIANIO', 562),
(1052, ' MICHELLE FANCUBILA', 'QUIATCHON', 251),
(1053, ' MARIA JANINA SHANICE DOFELIZ', 'QUILATAN', 8),
(1054, ' KEN GABRIEL GRATA', 'QUILOÑA', 617),
(1055, ' DEVONNE KLAUD JUBAY', 'QUIMADA', 618),
(1056, ' VON IRIZ UY', 'QUINITO', 619),
(1057, ' ANDREA KATE BRIGOLE', 'QUINTE', 620),
(1058, ' KURDT DARYL ALMENDRA', 'QUINTO', 199),
(1059, ' GIOVANNI PHILIP TORREGOSA', 'QUISEO', 160),
(1060, ' KEZIAH JONES .', 'QUITA', 396),
(1061, ' KATRINA SAMANTHA PADILLA', 'QUITO', 173),
(1062, ' RUJAN THERESE SEMBRANO', 'QUITOS', 107),
(1063, ' PAUL LAWRENCE RAMBACOD', 'QUIZOL', 443),
(1064, ' JAILA ESTHER CABANSAG', 'RABAYA', 621),
(1065, ' RAPH MICHAEL DELA CRUZ', 'RACHO', 622),
(1066, ' NOR-AINIE ADAP', 'RACMAN', 249),
(1067, ' BHOMEL JAMIL', 'RACOMA', 623),
(1068, ' RICKY JR. VIÑA', 'RAFOLS', 177),
(1069, ' DOROTHY MARIZ LEGASPI', 'RAGOT', 130),
(1070, ' REYAN ELAINE YAGO', 'RAGUAL', 624),
(1071, ' YUAN MANOLO HERNANDEZ', 'RAMIREZ', 526),
(1072, ' ANA ELIZABETH NODORA', 'RAMOS', 57),
(1073, ' ANNA LOUISE ODTOHAN', 'RAMOS', 39),
(1074, ' FRANCESCA ELYSE LUNA', 'RAMOS', 3),
(1075, ' HANNAH YU', 'RAMOS', 93),
(1076, ' JEIDAH YHAEL PANGANIBAN', 'RAMOS', 625),
(1077, ' JIMS PATRICK PAMITTAN', 'RAMOS', 254),
(1078, ' LIAM ALVEEN MENDONZA', 'RAMOS', 57),
(1079, ' MARINEILLE HAYNE AGUILAR', 'RAMOS', 420),
(1080, ' CARL ANGELO REQUIOLA', 'RAMPOLA', 40),
(1081, ' JOSEPH BRIXTER GAMMAD', 'RANCHEZ', 626),
(1082, ' PHIL ANGELO .', 'RANGA', 64),
(1083, ' JIAN DANIEL BASILIO', 'RARIZA', 627),
(1084, ' DESMOND BORG BELO', 'RARO', 272),
(1085, ' CHARLES BUNTALILID', 'RASGO', 628),
(1086, ' SHARLENE JEA VIADO', 'REAL', 127),
(1087, ' AZIRAJ KENT SUMA', 'REALIZA', 629),
(1088, ' MATT AIDAN RUECO', 'REBADOMIA', 409),
(1089, ' HOSEA HATE', 'REBLORA', 302),
(1090, ' LIANA ZABALA', 'REFUERZO', 630),
(1091, ' NIZA CAROLYN LUY', 'REGANIT', 177),
(1092, ' YUAN CARLOS RODOLFO', 'REGENCIA', 317),
(1093, ' DWAYNE JAN FELIX CARREON', 'REJESUS', 631),
(1094, ' ALICIA MAE POLINAR', 'RELAMPAGOS', 404),
(1095, ' EDZON EMANUEL GUTIERREZ', 'RELAYSON', 441),
(1096, ' ROBIN ALEXANDRA BINAG', 'REMOLLO', 190),
(1097, ' KIRSTIE ALLEH VAPOR', 'REMOTO', 632),
(1098, ' JOHANNA JOY AZUL', 'REPOMANTA', 633),
(1099, ' ARTCHIE MAKABENTA', 'RESQUICIO', 53),
(1100, ' REX ALPHONSE .', 'REVENTAR', 549),
(1101, ' LOUISE GABRIELLE FABRE', 'REVEULTA', 48),
(1102, ' AUDRIC RIANE SARCAUGA', 'REYES', 349),
(1103, ' DESTINE ANGELA VICEDO', 'REYES', 251),
(1104, ' GABRIELE XYAN AFRICA', 'REYES', 204),
(1105, ' JUSTIN CLARK REYES', 'REYES', 77),
(1106, ' MELINDA ROM', 'REYES', 296),
(1107, ' RAFAEL CARL EVANGELISTA', 'REYES', 296),
(1108, ' OLIVIA REGINA FORONDA', 'REYNO', 634),
(1109, ' JULIA FRANCESCA CABATOS', 'RIÑA', 262),
(1110, ' CHLOIE AEON DELA CERNA', 'RIPALDA', 635),
(1111, ' MARIANNE HADIYA GACUSAN', 'RIVERA', 127),
(1112, ' MARCUS ISAAC SABAN', 'ROA', 137),
(1113, ' ALESSANDRAA CORRIN DEL ROSARIO', 'ROBLES', 131),
(1114, ' MARCO PAULO FROIS EVANGELISTA', 'RODRIGUES', 258),
(1115, ' KEN ASHLEY PASCUA', 'RODRIGUEZ', 636),
(1116, ' KEITH DANIEL DE CHAVEZ', 'RODULFO', 637),
(1117, ' CLARE JEANELLE CASTRO', 'ROLDAN', 638),
(1118, ' VENICE LORAINE ROLLORATA', 'ROLLORAZO', 174),
(1119, ' PRINCESS YESHA RULETE', 'ROLUNA', 639);
INSERT INTO `examinees` (`id`, `first_name`, `last_name`, `school_id`) VALUES
(1120, ' ALEXANDRIA GABRIELLE ABAWAR', 'ROMANO', 640),
(1121, ' JED FRANZ RUBEN II MOVILLA', 'ROMERO', 185),
(1122, ' JOASH MARTIN TAMONDONG', 'ROMERO', 641),
(1123, ' MARIA CASSUNDRA DEREQUITO', 'ROMERO', 78),
(1124, ' RAFFAEL KRSITOFF BLAH', 'RONULO', 301),
(1125, ' REX NIEL NGALATAN', 'ROQUE', 257),
(1126, ' ALTHEA ANGELA SANSOLIS', 'ROQUERO', 642),
(1127, ' JILLIAN FATIMA MANALATA', 'ROSACAY', 549),
(1128, ' APOLLO ALESSANDER ARELLANO', 'ROSALES', 643),
(1129, ' MARYIOS SEPHIA NAPAO', 'ROSALES', 160),
(1130, ' RYZA GAYLE MENDOZA', 'ROSALES', 6),
(1131, ' SOPHIA CHRISTINE CABRERA', 'ROSEL', 644),
(1132, ' DASHA VEI .', 'ROSOLADA', 174),
(1133, ' RIAN JAVE RELOX', 'ROTONI', 645),
(1134, ' SVETLANA VIKTORIA CORTEZ', 'ROXAS', 646),
(1135, ' MARK YZAC CASTILLO', 'RUBANG', 371),
(1136, ' JAYMEE LAGARE', 'RUBILLAR', 647),
(1137, ' DANIEL MATTHEW PEREZ', 'RUIZ', 198),
(1138, ' DANIELLE JAMES FREDRICK SILVESTRE', 'RUIZ', 648),
(1139, ' DAVIE LOUIS SABAY', 'RUIZ', 649),
(1140, ' ERNESTO III BERBANO', 'RUIZ', 650),
(1141, ' JUNELAINE LOVAH MARIEZ BATAY', 'RUIZ', 56),
(1142, ' PEARL JHOMARAYNE PARAOAN', 'RUIZ', 651),
(1143, ' JULIVER VERTULFO', 'SAAVEDRA', 174),
(1144, ' CHLOE FAYE TABUZO', 'SABATER', 652),
(1145, ' KRISTLE GINES TECSON', 'SABUD', 653),
(1146, ' JENI FRANS CYS KARA C', 'SACRAMENTO', 555),
(1147, ' ZAC GABRIEL OROCEO', 'SACRAMEO', 183),
(1148, ' CHESSICA FIONA CHUA', 'SADEY', 654),
(1149, ' VINA VISSIA AZCARRAGA', 'SAEZ', 119),
(1150, ' SAMUEL WACNAGAN', 'SAGANDOY', 655),
(1151, ' JZY ANRAE TAN', 'SAGARIO', 656),
(1152, ' MA. DOROTHY PIANG', 'SAGARIO', 657),
(1153, ' JAN BENEDICT WACLIN', 'SAGUDIN', 562),
(1154, ' SHEKINAH SHEENA BOLUNTATE', 'SAHAGUN', 459),
(1155, ' JOSES DION DECIO', 'SAJENES', 366),
(1156, ' GIAN MARCO CARCEDO', 'SAKHRANI', 658),
(1157, ' JAMAL JR. MAGRACIA', 'SALACOP', 73),
(1158, ' ALOYSIUS REN PHILIP BALTAZAR', 'SALADAR', 107),
(1159, ' JULIA SABINA VILLAVICENTE', 'SALCEDO', 659),
(1160, ' JYREHN GUARIN', 'SALES', 257),
(1161, ' SOFIA JEWEL LACISTE', 'SALES', 556),
(1162, ' SYREILLE EUNIEL S', 'SALES', 660),
(1163, ' MA. HANNAH NINNA CABRERA', 'SALIGANAN', 661),
(1164, ' GODIVA BERNICE CABRAL', 'SALOMES', 662),
(1165, ' DWAYNE CHESTER ULEP', 'SALONGA', 663),
(1166, ' FRANCESCA RICCI PERALTA', 'SALONGA', 42),
(1167, ' KRISTOFEE JAY PAPAYA', 'SALUAGA', 334),
(1168, ' JOSEPH FELIXANGELO ESCUETA', 'SALUDES', 664),
(1169, ' IAN ANGELO BAJA', 'SALUDEZ', 240),
(1170, ' BEA ANGELA MABANTA', 'SALUNGA', 94),
(1171, ' KENT HUDSON BADIAN', 'SALVACION', 547),
(1172, ' MICHAEL ANDREI VELARDE', 'SALVADOR', 526),
(1173, ' BENJ JOSH JUSTINE GASPAY', 'SALVATIERRA', 602),
(1174, ' ANTOINETTE DELA PEÑA', 'SAMANO', 163),
(1175, ' FRANCES JAMIE FABROA', 'SAMARES', 582),
(1176, ' EDMOND M', 'SAMPEROY', 665),
(1177, ' ALEA MOMBAY', 'SAMPIANO', 666),
(1178, ' ANELA CLAIRE RUIZ', 'SAMSON', 399),
(1179, ' CEDRIC ANDRE INNIS', 'SAMSON', 667),
(1180, ' LIL GLAINAR PERNALA', 'SAMSON', 668),
(1181, ' SEBASTIEN MIKHAIL ALCONIS', 'SAN AGUSTIN', 669),
(1182, ' ANDREW GEORGE GAERLAN', 'SAN GABRIEL', 670),
(1183, ' CHESTER SHAWN ARIES ALOVERA', 'SAN JUAN', 185),
(1184, ' GABRIELA UY', 'SAN NICOLAS', 671),
(1185, ' ZETHE FAE NAGAYOS', 'SANCHEZ', 387),
(1186, ' JEZREL MARIE CATINGUB', 'SAÑO', 32),
(1187, ' ALTHEA JOSE CONDECIDO', 'SANTIAGO', 672),
(1188, ' ANGELO MIGUEL BLANCO', 'SANTOS', 673),
(1189, ' AYESSA GRINN AVILES', 'SANTOS', 155),
(1190, ' BEATRICE MARGARET BAGNES', 'SANTOS', 674),
(1191, ' CARL JHET NARCISO', 'SANTOS', 513),
(1192, ' RAPHAEL JACOB BRISUEÑO', 'SANTOS', 675),
(1193, ' VERONICA EVE .', 'SANTOS', 676),
(1194, ' ARAN BENZ CALAPANO', 'SARDAÑAS', 677),
(1195, ' AMER HASSAN ABDULLAH', 'SARIP', 678),
(1196, ' JANNI ORNEL BORBANO', 'SARMAGO', 679),
(1197, ' VENICE SANDRA SAMILLANO', 'SAUL', 18),
(1198, ' KAIBEN RAMEZ CHIO', 'SAYADI', 680),
(1199, ' CHRISTEL BERN ARREZA', 'SAYAWAN', 402),
(1200, ' ELIJAH DRAY PELIAS', 'SENDAD', 681),
(1201, ' BEA REYJOYCE HABLADO', 'SENDICO', 682),
(1202, ' ALYSA CASANDRA ABORDE', 'SEÑO', 683),
(1203, ' NATHALIE NICOLE TESORERO', 'SENTE', 192),
(1204, ' DIA MARIE ALFANTA', 'SEPADA', 335),
(1205, ' MATHEW JOSEPH BERMEJO', 'SERA JOSE', 675),
(1206, ' JUAN MATEO .', 'SERRANO', 684),
(1207, ' PSALM FRANCIS LANUZO', 'SERRANO', 102),
(1208, ' EARVIN JOHN ALVAREZ', 'SEVA', 189),
(1209, ' PARIS AMEROL', 'SHARIEF', 7),
(1210, ' KENNETH CARRELL CARPIO', 'SIAPCO', 57),
(1211, ' CRISTAN JAEDI GALISTE', 'SIAPNO', 685),
(1212, ' AARON DANIEL BAUTISTA', 'SIATAN', 686),
(1213, ' HERRAH SAVANNAH GALANG', 'SIDO', 54),
(1214, ' SEBASTIAN KRIZ BORCES', 'SIEGA', 687),
(1215, ' AURHELIA BEATRICE C', 'SILVERIO', 688),
(1216, ' CHARESS FRANCINE PENOLIAD', 'SIMEON', 689),
(1217, ' JOVEN MADERA', 'SIMON', 56),
(1218, ' STELLA MARIZ DE JESUS', 'SIMPAS', 367),
(1219, ' JERO MATTHEW PUIG', 'SIOSAN', 546),
(1220, ' MAXIMILIAN YBARRA LORENZO', 'SIRILAN', 690),
(1221, ' SHANE AMORADO', 'SISNORIO', 691),
(1222, ' BREE GENZOE BASSIG', 'SISON', 412),
(1223, ' ALESSI RXEJENE BALUBAL', 'SIUAGAN', 313),
(1224, ' GAEBRIEL DIÑOSO', 'SOBREMONTE', 692),
(1225, ' MARK GEIAN JUDE ALOSA', 'SOBREVEGA', 693),
(1226, ' JOSE WILLIAM CAPUYAN', 'SOLANO', 484),
(1227, ' YEONA ELLICE LABRADOR', 'SOLENG', 247),
(1228, ' JAMES ANDREI LEE ZAMBALES', 'SOLIMAN', 694),
(1229, ' JOSHUA VHONNE MAIGTING', 'SOLIMEN', 695),
(1230, ' SEAN PATRICK JAO', 'SOLIS', 609),
(1231, ' EDGAR GERARD LUCEÑO', 'SOLIVA', 696),
(1232, ' CURT KEVIN MARTINEZ', 'SOLON', 697),
(1233, ' TIFFANY ALIYAH REYES', 'SOMIDO', 131),
(1234, ' ISIDRO MANUEL BATAYOLA', 'SONTOUSIDAD', 698),
(1235, ' MAELEEN TUMBALI', 'SORIANO', 699),
(1236, ' STEFFEN ROSETE', 'SORIANO', 700),
(1237, ' VENISSE SERRANO', 'STA. ANA', 256),
(1238, ' LANCE CANTILLAS', 'SUAN', 122),
(1239, ' BREIANE ANGELIQUE BAGTILAY', 'SUAREZ', 130),
(1240, ' BRYTHE ANGELYQUE BAGTILAY', 'SUAREZ', 130),
(1241, ' FRIZCHE CAIRON PAUL VOSOTROS', 'SUAZO', 160),
(1242, ' MARK JOSHUA LAPLANA', 'SUDARIO', 32),
(1243, ' LEEANA ELIZA TORRES', 'SUELTO', 8),
(1244, ' ABBY COLEEN PRADO', 'SUERO', 701),
(1245, ' CHRISFEL YANGUAS', 'SUGAROL', 263),
(1246, ' MCDILAN REYES', 'SULMERIN', 447),
(1247, ' DOMINICK JOAQUIN PANTILLO', 'SUMAGANG', 702),
(1248, ' VONNE CHELSEA REESE ARCENAL', 'SUMBELING', 703),
(1249, ' RIGIL KENT ANDAG', 'SY', 268),
(1250, ' ANGEL LEAN LOCSIN', 'TABANG', 32),
(1251, ' JANELLE DOMINIQUE NICOLE TORIBIO', 'TABANGAY', 131),
(1252, ' JANELLE AYESSAH ALABE', 'TABANO', 704),
(1253, ' NIKKI ELA AQUINO', 'TABARANZA', 443),
(1254, ' MARC YUL EMMANUEL BOCO', 'TABASAN', 56),
(1255, ' CLARENCE JUDE BASILAN', 'TABINAS', 705),
(1256, ' MIGUEL JEAN JAQUET', 'TABIO', 706),
(1257, ' JOHN PAUL DOMINIQUE VALLADOLID', 'TABRILLA', 606),
(1258, ' PHEE MARGARETTE TIRA', 'TABULA', 76),
(1259, ' SAMANTHA NICOLE MIRALLES', 'TABULAO', 707),
(1260, ' SEBASTIAN DYRK MACUSI', 'TAGABI', 708),
(1261, ' JAMES KIEFFER BULLECER', 'TAGLINAO', 709),
(1262, ' VERONICA PAIGE TIONGCO', 'TAGOON', 263),
(1263, ' AUDREY JAZZELLE CABARANGAO', 'TAGUINOD', 240),
(1264, ' AYNSLEY CABILIN', 'TAGULOB', 504),
(1265, ' ANIKA YSHA MONTON', 'TAHUD', 258),
(1266, ' ROMEL ISAIAH INTIA', 'TALA', 160),
(1267, ' RICHMOND ORIENTE', 'TALOSIG', 710),
(1268, ' JOHANN VINCENT SOLANO', 'TAMAÑO', 484),
(1269, ' GABRIEL VINCI LEGASPI', 'TAMAYO', 32),
(1270, ' QUENZO ALFONSO', 'TAMBALQUE', 42),
(1271, ' SANTIAGO MIGUEL U.', 'TAN YAU', 628),
(1272, ' AARON MATTHEW GO', 'TAN', 120),
(1273, ' ARABELLA SIMONE RABARA', 'TAN', 711),
(1274, ' BERNI YRAY', 'TAN', 68),
(1275, ' DYANNE DOMINIQUE GALICIA', 'TAN', 40),
(1276, ' ELEIZA EUNICE CHAN', 'TAN', 84),
(1277, ' FRANCIS MICO T', 'TAN', 254),
(1278, ' ISAAC JOHN SANTIAGO', 'TAN', 169),
(1279, ' KURT BRANDON CONCHA', 'TAN', 712),
(1280, ' THEOJAY CLARENCE LIBRON', 'TAÑAN', 268),
(1281, ' ANNE JELINE QUITOLES', 'TANATE', 44),
(1282, ' ANGELINA MARGARETH MACARANAS', 'TANCONTIAN', 8),
(1283, ' JOSCH KIRBY DE VERA', 'TANDOC', 713),
(1284, ' JEREMY JOSEPH RODRIGUEZ', 'TAÑEDO', 49),
(1285, ' ALBERT KENNETH BARROGA', 'TANG', 302),
(1286, ' JENNY VAVE ABIJAN', 'TANGARO', 714),
(1287, ' JOHN GABRIEL LIBAO', 'TANGHAL', 715),
(1288, ' LUIGI BUTARDO', 'TANICALA', 116),
(1289, ' DENISE CLAIRE FERRER', 'TANZO', 294),
(1290, ' JULIANNE DOMINIQUE ATILANO', 'TAOATAO', 421),
(1291, ' PRINCE KYLE AEDAM GUTANG', 'TAPE', 442),
(1292, ' SEAN CAIRO NATAMA', 'TARAMPI', 179),
(1293, ' ANIKA JUSTINE SEVERA', 'TARGA', 596),
(1294, ' MAVRICK ALBERT MORANTTE', 'TAVEROS', 716),
(1295, ' FRANCIS NATHANIEL ATIENZA', 'TAVORA', 717),
(1296, ' AIVAN PALOMATA', 'TECSON', 141),
(1297, ' DANNA LEIZA SEÑORON', 'TECSON', 73),
(1298, ' ESTHER DANIELLE ZAMUDIO', 'TECSON', 41),
(1299, ' JANINA REESE', 'TECSON', 654),
(1300, ' JULIAN RAFAEL JOSE CABAGUIO', 'TEH', 8),
(1301, ' SUMMER JANE ONG', 'TEMPLE', 396),
(1302, ' FRANCO ISIAH TUAZON', 'TEMPLONUEVO', 718),
(1303, ' JUSTIN NICHOLAS CALIMAG', 'TENAZAS', 719),
(1304, ' AJ GABRIEL LEANO', 'TEOFILO', 720),
(1305, ' GABRIELLE LOURDES HERNANDEZ', 'TEOPE', 216),
(1306, ' KIM ALTHEA HIRANG', 'TESORO', 35),
(1307, ' DYLAN DANIEL BARRAMEDA', 'THUERMER', 721),
(1308, ' ZACH ENRICO DOMINADO', 'TIA', 158),
(1309, ' SHANA CAMILLE BUGNA', 'TIAMPONG', 84),
(1310, ' RICHELLE LOUISE GAMBOA', 'TILANDUCA', 722),
(1311, ' APRYLE ROSE MAREGMEN', 'TIMBAD', 105),
(1312, ' JOACHIM SANTINO LOZADA', 'TIMTIMAN', 84),
(1313, ' JAKE ARWIN GERON', 'TIONGSON', 723),
(1314, ' KLEVER MC ALLAN CRUCILLO', 'TIONGSON', 387),
(1315, ' MARINELA DYAN SORIANO', 'TIU', 57),
(1316, ' SELINA KYLE SANDIGAN', 'TIU', 214),
(1317, ' ERNEST PASCUAL', 'TOLENTINO', 44),
(1318, ' CYRUS PEÑASAS', 'TOLOSA', 724),
(1319, ' ELAN VICTORIA GARCIA', 'TOMANENG', 130),
(1320, ' ZYRE GABRIEL RAIN GODOY', 'TOMINES', 44),
(1321, ' ANGELO CLARK DESANO', 'TONGCO', 725),
(1322, ' HANNE MARGARET CAMAJALAN', 'TONGCUA', 349),
(1323, ' GAEA JAZLIN SOLON', 'TONIDO', 128),
(1324, ' AMELIA SOFIA BIRI', 'TORIDA', 232),
(1325, ' SUMMER KATRIELLE VILLANUEVA', 'TORRALBA', 130),
(1326, ' JERUSALEM CHRISTIAN ARGOMIDO', 'TORRES', 726),
(1327, ' THADEUS INFANTE', 'TRAZO', 607),
(1328, ' DOMINIC JOACHIM BRIONES', 'TRINIDAD', 294),
(1329, ' HANSEN JAY LUSTRE', 'TRONCOSO', 727),
(1330, ' CHARLES ALFRED MAQUIRAYA', 'TROPIA', 728),
(1331, ' MATT ALFONSO LICONG', 'TRUMPETA', 262),
(1332, ' ADRIN BAUTISTA', 'TUASON', 729),
(1333, ' MARTEE KAISER TALAMAN', 'TUBOLA', 84),
(1334, ' JOEFEL MATTHEW GIANAN', 'TUGANO', 306),
(1335, ' JESSIE NIKOLAI PALEG', 'TULIAO', 730),
(1336, ' ABRIELLE ERADEL YAESO', 'TUMALE', 731),
(1337, ' HAYAH KINDOT', 'TUMALIUAN', 189),
(1338, ' THEA SOFIA RUEGO', 'TUMANDA', 130),
(1339, ' LIAM KYLE BALINGIT', 'TUMOLVA', 45),
(1340, ' STEPHEN BUGAY', 'TUNAYA', 317),
(1341, ' SEAN ANGELO LUCERO', 'TUNGCUL', 139),
(1342, ' ROBERT EMMAN QUIÑON', 'TUPAS', 325),
(1343, ' ALLIANE IVANA BALLESTEROS', 'TUPONG', 590),
(1344, ' EIMAN CARLO CLARVERIA', 'TURLA', 475),
(1345, ' PATRICK MAXIMUS DE VERA', 'TURNO', 732),
(1346, ' DENISE GABB CASSION', 'TY', 733),
(1347, ' LAWRENCE BLAISE CASTRO', 'TY', 204),
(1348, ' JEILA BENITEZ', 'UBANDO', 93),
(1349, ' JOHN ANDREW SULTAN', 'UGDORACION', 8),
(1350, ' SEAN LENSIE TAGUPA', 'UMAMBAC', 287),
(1351, ' ALBRIX RED HUNGRIANO', 'URBANO', 450),
(1352, ' KATE JASMIN DE GUZMAN', 'USARAGA', 139),
(1353, ' NAOMI ASHLEY VILLAR', 'UY', 204),
(1354, ' SOFIA JESSIE HAW', 'UY', 95),
(1355, ' ZANESHA PATRICE REPOLLO', 'UY', 734),
(1356, ' ASHLEY NICOLE UY', 'UYGONGCO', 348),
(1357, ' MARIA SOPHIA RAMONA EMMA', 'VAGILIDAD', 105),
(1358, ' MHALIK YUAN ANNANG', 'VALDEPEÑAS', 139),
(1359, ' ALEXAVIER ALEGATO', 'VALDEZ', 735),
(1360, ' DANIEL RYAN TAMAYAO', 'VALDEZ', 173),
(1361, ' KURT CHRISTIAN MAALA', 'VALDEZ', 82),
(1362, ' YSABEL JAHMAI ALMODAL', 'VALDEZ', 575),
(1363, ' ERLA MAY R.', 'VALE', 335),
(1364, ' JAMES GABRIEL RELLEVE', 'VALENCIA', 288),
(1365, ' ANGELA BRYANNA CAYANGA', 'VALEROS', 387),
(1366, ' CHANTAL PAIGE UBAG', 'VARGAS', 736),
(1367, ' JEMIAH ASHELLE GRACE K.', 'VASQUEZ', 737),
(1368, ' FIONA CALLOS', 'VEJERANO', 738),
(1369, ' ARMAN JULLIAN BASAYA', 'VELASCO', 739),
(1370, ' SUMMER SHARLOT SAROMINES', 'VELASCO', 110),
(1371, ' LUKE AARON TABAMO', 'VELASQUEZ', 52),
(1372, ' MONICA DANA MENDEZ', 'VELASQUEZ', 9),
(1373, ' MIKHOS VINZON CASTILLO', 'VELEZ', 740),
(1374, ' SARAH SHACE KARLETTE CARIÑO', 'VELOSO', 553),
(1375, ' AVA YRABELLE AGULLANA', 'VENTURA', 741),
(1376, ' HYACINTH SEBLOS', 'VERDIDA', 742),
(1377, ' CARLO WILHELM MUEGO', 'VERGARA', 177),
(1378, ' VINCE GODWIN QUINTO', 'VERZO', 743),
(1379, ' NATALIE KAITLYN REANTASO', 'VETENILLA', 183),
(1380, ' NIÑA ANGELICA MAE WINDSOR', 'VIAJE', 361),
(1381, ' CHRISTALENE JOSSA BARRAMEDA', 'VIDAL', 721),
(1382, ' ETHAN MANUEL TALARO', 'VIDAL', 744),
(1383, ' KATRINA CIEL TABANERA', 'VIERNESTO', 745),
(1384, ' EVRALD KEINTH GARCIA', 'VILLAFLOR', 21),
(1385, ' MA. RYAH ANTONIA', 'VILLAFLOR', 746),
(1386, ' DANAH REI EMILIA VENTURA', 'VILLAFLORES', 35),
(1387, ' MARK JUSTIN MACARAEG', 'VILLAFUERTE', 535),
(1388, ' AERIL MARCO BANDOLON', 'VILLANUEVA', 372),
(1389, ' ASHLEE RHEYCEY ROSALES', 'VILLANUEVA', 747),
(1390, ' AYISHA CALEIGH FLORES', 'VILLANUEVA', 433),
(1391, ' CLARK ANTHONY ALVAREZ', 'VILLANUEVA', 290),
(1392, ' DASHELL SEAN RAVANES', 'VILLANUEVA', 748),
(1393, ' LUKE DE GUZMAN', 'VILLANUEVA', 302),
(1394, ' WYSTAN SANCHEZ', 'VILLAREAL', 331),
(1395, ' MA. FATIMA BELLA OROGO', 'VILLAREY', 749),
(1396, ' MIGUEL ALEXANDER MANALANG', 'VILLARICA', 750),
(1397, ' JOHN GABRIEL LLAUDER', 'VILLEGAS', 8),
(1398, ' NINA ISABEL DISTURA', 'VILLODRES', 198),
(1399, ' JAMES CLARK IBANEZ', 'VINARAO', 751),
(1400, ' CHARLY MAE PENILLA', 'VIÑAS', 752),
(1401, ' ANGELO MIGUEL GUEVARRA', 'VINLUAN', 753),
(1402, ' IEUAN DAVID REGILME', 'VINLUAN', 5),
(1403, ' COLIN MICHAEL ONG', 'WONG', 754),
(1404, ' CRISTINA LOUISA PELLAS', 'YABORA', 87),
(1405, ' ED CYLENE MAE VALLECERA', 'YAÑEZ', 56),
(1406, ' MARY MARGARET AMAYA', 'YANKIN', 582),
(1407, ' ERIN GEESNELL GABRIELLE ONG', 'YAP', 442),
(1408, ' EZEKIEL GIDEON ONG', 'YAP', 372),
(1409, ' JACE ADRIEL TI', 'YAP', 269),
(1410, ' JUDIEL ACE MOOG', 'YBAÑEZ', 463),
(1411, ' GIAN JOSHUA CHORESCA', 'YEBRA', 755),
(1412, ' JENN VALERIE REYNES', 'YEE', 52),
(1413, ' JEF MEDROBEL CORTEZ', 'YLANAN', 190),
(1414, ' KENT NIKOLAI BAQUILOD', 'YODICO', 756),
(1415, ' ADRIENNE RAPHAELE MAGBAG', 'YONZON', 604),
(1416, ' CHIARA ELISE KHO', 'YOUNG', 129),
(1417, ' KRIS ELAINE TAMON', 'YSULAT', 154),
(1418, ' SHINE MONDIGO', 'YU', 757),
(1419, ' ELLIZAR JOHN OCTAVIANO', 'ZABALA', 32),
(1420, ' FRANCIS JULIAN PALACIO', 'ZABALA', 443),
(1421, ' JOHN MARK ARGUILLES', 'ZAFRA', 130),
(1422, ' RAYNE DUMASAPAL', 'ZAFRA', 758),
(1423, ' CHLOE MARIE LUKBAN', 'ZAMPAGA', 759),
(1424, ' JOHN LOUIE RELLES', 'ZATE', 631),
(1425, ' JENNYLENE FABIA', 'ZHUANG', 237),
(1426, ' FRANCOIS TOFFER ELPA', 'ZINGAPAN', 3),
(1427, ' PRECIOUS IRISH ALEXIS ALEJO', 'ZIPAGAN', 34),
(1428, ' JOSEPH III AGTUCA', 'ZULUETA', 654),
(1429, 'remz', 'fernandez', NULL),
(1430, 'asdf', 'asdfsadf', NULL),
(1431, 'ivy', 'venenoso', 760),
(1432, 'asdf', 'asdfsdfff', NULL),
(1433, 'ssss', 'ssss', NULL);

-- --------------------------------------------------------

--
-- Table structure for table `migrations`
--

CREATE TABLE `migrations` (
  `id` int(10) UNSIGNED NOT NULL,
  `migration` varchar(191) COLLATE utf8mb4_unicode_ci NOT NULL,
  `batch` int(11) NOT NULL
) ENGINE=InnoDB DEFAULT CHARSET=utf8mb4 COLLATE=utf8mb4_unicode_ci;

--
-- Dumping data for table `migrations`
--

INSERT INTO `migrations` (`id`, `migration`, `batch`) VALUES
(6, '2014_10_12_000000_create_users_table', 1),
(7, '2014_10_12_100000_create_password_resets_table', 1),
(8, '2019_02_15_094847_divisions', 1),
(9, '2019_02_15_094847_schools', 1),
(10, '2019_02_15_094848_examinees', 1);

-- --------------------------------------------------------

--
-- Table structure for table `password_resets`
--

CREATE TABLE `password_resets` (
  `email` varchar(191) COLLATE utf8mb4_unicode_ci NOT NULL,
  `token` varchar(191) COLLATE utf8mb4_unicode_ci NOT NULL,
  `created_at` timestamp NULL DEFAULT NULL
) ENGINE=InnoDB DEFAULT CHARSET=utf8mb4 COLLATE=utf8mb4_unicode_ci;

-- --------------------------------------------------------

--
-- Table structure for table `schools`
--

CREATE TABLE `schools` (
  `id` int(10) UNSIGNED NOT NULL,
  `name` varchar(191) COLLATE utf8mb4_unicode_ci NOT NULL,
  `division_id` int(10) UNSIGNED DEFAULT NULL
) ENGINE=InnoDB DEFAULT CHARSET=utf8mb4 COLLATE=utf8mb4_unicode_ci;

--
-- Dumping data for table `schools`
--

INSERT INTO `schools` (`id`, `name`, `division_id`) VALUES
(1, 'SOUTH HILL SCHOOL, INC.', 1),
(2, 'HOLY INFANT COLLEGE', 2),
(3, 'NOTRE DAME OF GREATER MANILA', 3),
(4, 'AGUSAN ELEMENTARY SCHOOL', 4),
(5, 'ATENEO DE MANILA UNIVERSITY', 5),
(6, 'PAGADIAN GOLDEN SCHOOL LEARNING CENTER', 6),
(7, 'IBN SIENA INTEGRATED SCHOOL FOUNDATION', 7),
(8, 'ATENEO DE DAVAO UNIVERSITY GRADE SCHOOL', 8),
(9, 'ATENEO DE NAGA UNIVERSITY', 9),
(10, 'SURIGAO DEL SUR SPED (CENTER) SCHOOL', 10),
(11, 'CHERISHED MOMENTS SCHOOL', 11),
(12, 'MORNING STAR MONTESSORI SCHOOL', 1),
(13, 'DILIMAN PREPARATORY SCHOOL', 5),
(14, 'ST. THERESE EDUC. FOUNDATION OF TACLOBAN', 2),
(15, 'KIDAPAWAN CITY PILOT ELEMENTARY SCHOOL', 12),
(16, 'EDNA\'S SCHOOL', 11),
(17, 'ADRIATICO MEMORIAL SCHOOL', 13),
(18, 'ENHANCED CHILDHOOD LEARNING CENTER, INC.', 14),
(19, 'DR. CLEMENTE N. DAYRIT SR. ELEMENTARY SC', 15),
(20, 'MAASIN CENTRAL ELEMENTARY SCHOOL', 16),
(21, 'SHAMROCK ELEMENTARY SCHOOL', 17),
(22, 'KORONADAL CENTRAL I ELEMENTARY SCHOOL', 18),
(23, 'CASA BAMBINI DE STA BARBARA LRNG CTR', 16),
(24, 'MOTHER GOOSE SPECIAL SCH. SYS., INC.', 11),
(25, 'ITAAS ELEMENTARY SCHOOL', 19),
(26, 'U. P. INTEGRATED SCHOOL', 5),
(27, 'LAWAAN CENTRAL SCHOOL', 20),
(28, 'ENRILE NORTH CENTRAL SCHOOL', 21),
(29, 'LA UNION CULTURAL INSTITUTE', 22),
(30, 'ST. ROBERT BELLARMINE CTR FOR LEARNING', 23),
(31, 'MALINTA ELEMENTARY SCHOOL', 24),
(32, 'STO. NIÑO SPED CENTER', 2),
(33, 'KORONADAL CENTRAL ELEMENTARY SCHOOL II', 18),
(34, 'CASA DEL NIÑO MONTESSORI SCHOOL', 25),
(35, 'IPIL SPECIAL EDUCATION SCHOOL', 26),
(36, 'MORNING STAR MONTESSORI SCHOOL-CALAMBA', 1),
(37, 'CASTILLEJOS ELEMENTARY SCHOOL', 27),
(38, 'POLOMOLOK CENTRAL ELEMENTARY SCHOOL', 18),
(39, 'DE LA SALLE JOHN BOSCO COLLEGE', 10),
(40, 'INFANT JESUS ACADEMY - AKLAN', 28),
(41, 'ST. SCHOLASTICAS ACADEMY', 29),
(42, 'BETT BIEN MONTESSORI. INC.', 30),
(43, 'REMEDIOS T. ROMUALDEZ ELEMENTARY SCHOOL', 2),
(44, 'URDANETA CENTRAL ELEMENTARY SCHOOL', 11),
(45, 'TUMAUINI NORTH CENTRAL SCHOOL', 25),
(46, 'RAMON MAGSAYSAY CENTRAL ELEM. SCHOOL', 31),
(47, 'MOTHER GOOSE SPECIAL SCHOOL SYS., INC.', 11),
(48, 'LIGHTHOUSE CHRISTIAN SCHOOL - NASIPIT', 32),
(49, 'CABATUAN CENTRAL ELEMENTARY SCHOOL', 16),
(50, 'MARY AND PAUL LEARNING CENTER, INC.', 18),
(51, 'JOSE PLATON MEMORIAL SCHOOL', 1),
(52, 'TAMBO CENTRAL SCHOOL', 33),
(53, 'CASSIDY ELEMENTARY SCHOOL', 34),
(54, 'ST. AGNES ACADEMY', 35),
(55, 'MOLAVE REGIONAL PILOT SCHOOL SPED', 36),
(56, 'CITY CENTRAL SCHOOL', 4),
(57, 'THE LEARNING TREE CHILD GROWTH CTR., INC', 5),
(58, 'YOGI LEARNING CENTER FOUNDATION, INC.', 37),
(59, 'MSA WHIZ KIDS ACADEMY, INC.', 5),
(60, 'NARVACAN NORTH CENTRAL SCHOOL', 38),
(61, 'LAGUNA COLLEGE', 39),
(62, 'AMPAYON CENTRAL ELEMENTARY SCHOOL', 40),
(63, 'ST. BENEDICT CHILDHOOD EDUCATION CENTRE', 41),
(64, 'NAGA PAROCHIAL SCHOOL', 42),
(65, 'MY FIRST STEP WHOLE CHILD DEVELOPMENT CENTER , INC.', 21),
(66, 'BEREAN CHRISTIAN ACADEMY', 33),
(67, 'JANIUAY PILOT ELEMENTARY SCHOOL', 16),
(68, 'KONG HUA SCHOOL', 4),
(69, 'KALIBO PILOT ELEMENTARY SCHOOL', 28),
(70, 'NORTHVILLE 16 ELEMENTARY SCHOOL', 15),
(71, 'MONTESSORI CHILDRE\'S HOUSE OF LEARNING', 9),
(72, 'OBRERO ELEMENTARY SCHOOL-BUTUAN', 40),
(73, 'ILIGAN CITY SPED CENTER', 33),
(74, 'OUR SAVIOUR\'S CHRISTIAN ACADEMY', 17),
(75, 'FALCON MEMORIAL ELEMENTARY SCHOOL', 10),
(76, 'ST. PAUL COLLEGE OF  ILOCOS SUR', 38),
(77, 'BALANGA ELEMENTARY SCHOOL-BATAAN', 43),
(78, 'MIAGAO CENTRAL ELEMENTARY SCHOOL', 16),
(79, 'CAMILING CENTRAL SCHOOL', 44),
(80, 'SAINT VIRGINIA CENTURIONE BRACELLI SCH.', 45),
(81, 'SAN FELIPE ELEMENTARY SCHOOL', 46),
(82, 'BHC EDUCATIONAL INSTITUTION, INC.', 22),
(83, 'ARITAO CENTRAL SCHOOL', 47),
(84, 'ILOILO SCHOLASTIC ACADEMY', 48),
(85, 'LORD OF PEACE LEARNING CENTER - COTABATO', 49),
(86, 'PENIEL CHRISTIAN ACADEMY', 50),
(87, 'EUGENIO S. DAZA PILOT CENTRAL SCHOOL', 20),
(88, 'LA SALLE UNIVERSITY INTEGRATED SCHOOL', 51),
(89, 'ORO CHRISTIAN GRACE SCHOOL', 4),
(90, 'LAHUG ELEMENTARY SCHOOL', 41),
(91, 'DAVAO HOLY TRINITY ACADEMY', 8),
(92, 'DR. CARLOS S. LANTING COLLEGE', 5),
(93, 'MOTHER GOOSE SPECIAL SCHOOL SYSTEM, INC.', 23),
(94, 'BRIGHTWOODS SCHOOL', 52),
(95, 'ATENEO DE ILOILO - SMCS', 48),
(96, 'MANRESA SCHOOL', 53),
(97, 'KAPT TOMAS MONTEVERDE SR CENTRAL ELEM', 8),
(98, 'ILAYA ELEMENTARY SCHOOL - SARA', 16),
(99, 'PEÑAPLATA CENTRAL ELEMENTARY SCHOOL', 54),
(100, 'LANTAP ELEMENTARY SCHOOL', 47),
(101, 'BACACAY EAST CENTRAL SCHOOL', 55),
(102, 'UNIVERSITY OF SAINT ANTHONY', 56),
(103, 'GABALDON ELEMENTARY SCHOOL - PASUQUIN', 57),
(104, 'LEON HOLY FAMILY LEARNING CENTER', 16),
(105, 'ESPERANZA CENTRAL SCHOOL', 58),
(106, 'ALAMINOS CENTRAL SCHOOL', 11),
(107, 'SPED-INTEGRATED SCH EXCEPTIONAL CHILDREN', 48),
(108, 'PEDRO ACHARON SR. ELEMENTARY SCHOOL', 59),
(109, 'MAMBURAO CENTRAL SCHOOL', 60),
(110, 'ENFANT CHERI STUDY CENTRE, INC.', 40),
(111, 'CENTRAL PHIL. UNIVERSITY', 48),
(112, 'TUPI CENTRAL SCHOOL', 18),
(113, 'MARIA CENTRAL ELEMENTARY SCHOOL', 61),
(114, 'MANDURRIAO ELEMENTARY SCHOOL', 48),
(115, 'TUDELA CENTRAL SCHOOL', 62),
(116, 'KABACAN PILOT CENTRAL SCHOOL', 63),
(117, 'J. ZAMORA ELEMENTARY SCHOOL', 64),
(118, 'SANCHEZ MIRA CENTRAL ELEMENTARY SCHOOL', 21),
(119, 'HOLY CHILD EDUCATIONAL CENTER', 56),
(120, 'ST. JUDE CATHOLIC SCHOOL', 64),
(121, 'DIPOLOG CITY SPED CENTER', 65),
(122, 'SURIGAO CITY SPECIAL SCIENCE ELEM SCHOOL', 66),
(123, 'ST. THERESA\'S COLLEGE OF Q.C.', 5),
(124, 'KINDERTECH OF UNO LEVITA', 1),
(125, 'CALBAYOG CITY SPED CENTER', 67),
(126, 'QUINAPUNDAN CENTRAL SCHOOL', 20),
(127, 'MARIANO MARCOS STATE UNIV LAB ELEM SCH', 17),
(128, 'TACLOBAN ANGELICUM LEARNING CENTER', 2),
(129, 'FATHER SATURNINO URIOS UNIVERSITY', 40),
(130, 'BUTUAN CITY SPECIAL EDUCATION CENTER', 40),
(131, 'DILIMAN PREPARATORY SCHOOL ANNEX', 5),
(132, 'SURIGAO CITY PILOT SCHOOL', 66),
(133, 'MARY INFANT JESUS SCHOOL', 33),
(134, 'DAVAO CITY SPECIAL SCHOOL', 8),
(135, 'ILIGAN MEDICAL CENTER COLLEGE, GRADE SCH', 33),
(136, 'SOTERO B. CABAHUG FORUM FOR LITERACY', 68),
(137, 'KIDS\' KOLLEGE, INC.', 17),
(138, 'SACRED HEART SCHOOL - MALABON', 69),
(139, 'TUGUEGARAO NORTH CENTRAL SCHOOL', 21),
(140, 'BICOL UNIV. INTEGRATED LABORATORY SCHOOL', 55),
(141, 'PANABO CENTRAL ELEMENTARY SCHOOL', 70),
(142, 'NUEVA VIZCAYA BRIGHT CHILD SCHOOL, INC.', 47),
(143, 'ILOILO CENTRAL ELEMENTARY SCHOOL', 48),
(144, 'CORPUS CHRISTI SCHOOL-PUEBLO', 4),
(145, 'ST. JOSEPH CHILD DEVELOPMENT CENTER, INC', 43),
(146, 'DON MARIANO MARCOS MEM STATE UNIV - SLUC', 22),
(147, 'SCHOOL OF SAINT ANTHONY', 5),
(148, 'NAPOCOR ELEMENTARY SCHOOL', 33),
(149, 'WEST CITY EXCEPTIONAL CHILD LEARNING CENTER', 71),
(150, 'MAGALLANES ELEMENTARY SCHOOL', 8),
(151, 'TOMAS CABILI CENTRAL SCHOOL', 33),
(152, 'NOTRE DAME UNIVERSITY ELEM TRAINING DEPT', 49),
(153, 'CITY OF BOGO SCIENCE & ARTS ACADEMY (CBSAA)', 68),
(154, 'ANTIQUE SPED CENTER', 72),
(155, 'INTEGRATED MONTESSORI CENTER - CALAMBA', 1),
(156, 'DOÑA JUANA A. LLUCH MEM. CENTRAL SCHOOL', 33),
(157, 'STA. ANA CENTRAL ELEMENTARY SCHOOL', 8),
(158, 'DAVAO CHRISTIAN HIGH SCHOOL -C.P. GARCIA CAMPUS', 8),
(159, 'ALBAY CENTRAL SCHOOL I', 35),
(160, 'SACRED HEART SCHOOL-ATENEO DE CEBU', 73),
(161, 'SOUTHVILLE INTERNATIONAL SCHOOL', 74),
(162, 'MAYAPYAP ELEMENTARY SCHOOL', 75),
(163, 'PLACIDO DEL MUNDO ELEM. SCHOOL', 5),
(164, 'IMMACULATE HEART OF MARY COLL.-PARANAQUE', 53),
(165, 'GUIMBAL CENTRAL ELEMENTARY SCHOOL', 16),
(166, 'TABUNOC CENTRAL ELEMENTARY SCHOOL', 68),
(167, 'LA TORRE ELEMENTARY SCHOOL - BAYOMBONG', 47),
(168, 'HOLY FAMILY PROGRESSIVE SCHOOL', 33),
(169, 'VICTORY CHRISTIAN INTERNATIONAL SCHOOL', 76),
(170, 'PUTIK CENTRAL SCHOOL', 37),
(171, 'ST. LOUIS COLLEGE OF BULANAO- ELEM. DEPT.', 77),
(172, 'TABACO SOUTH CENTRAL SCHOOL', 55),
(173, 'SANTIAGO NORTH CENTRAL SCHOOL', 25),
(174, 'TAGBILARAN CITY CENTRAL SCHOOL SPED CTR.-SSES', 78),
(175, 'CALAMBA CENTRAL SCHOOL', 62),
(176, 'KINGSWAY CHRISTIAN ACADEMY', 47),
(177, 'DADIANGAS WEST CENTRAL ELEM. SCHOOL', 59),
(178, 'MARIA MONTESSORI HOLY CHRISTIAN SCHOOL', 79),
(179, 'FALCON LEARNING CENTER, INC.', 5),
(180, 'UPPER BICUTAN ELEMENTARY SCHOOL', 80),
(181, 'LADISLAO DIWA ELEMENTARY SCHOOL', 81),
(182, 'LOURDES SCHOOL OF QUEZON CITY', 5),
(183, 'COLEGIO SAN AGUSTIN', 79),
(184, 'DUMALAG CENTRAL SCHOOL', 82),
(185, 'GENERAL SANTOS CITY SPED INTEGRATED SCH.', 59),
(186, 'CATAGGAMAN ELEMENTARY SCHOOL', 21),
(187, 'BASUG COMMUNITY SCHOOL', 38),
(188, 'ILIGAN CITY CENTRAL SCHOOL', 33),
(189, 'BAYOMBONG CENTRAL SCHOOL', 47),
(190, 'LA SALLE ACADEMY', 33),
(191, 'ST. SCHOLASTICA\'S ACADEMY', 15),
(192, 'TABACO NORTHWEST CENTRAL SCHOOL', 55),
(193, 'TUNGA CENTRAL SCHOOL', 34),
(194, 'PRES. MANUEL ROXAS MEMORIAL SCHOOL-SOUTH', 83),
(195, 'THE LEWIS COLLEGE', 84),
(196, 'MABOLO ELEMENTARY SCHOOL - CEBU CITY', 41),
(197, 'BULANAO CENTRAL ELEMENTARY SCHOOL', 77),
(198, 'ASSUMPTION SCHOOL - ILOILO CITY', 48),
(199, 'ST. BRIDGET COLLEGE GRADE SCHOOL DEPT.', 85),
(200, 'COLEGIO DE SAN IGNACIO', 8),
(201, 'AKLAN LEARNING CENTER', 28),
(202, 'PALESTINA ELEMENTARY SCHOOL', 9),
(203, 'BUENAVISTA SPED ELEMENTARY SCHOOL', 32),
(204, 'DE LA SALLE LIPA', 86),
(205, 'DREAM BUDS LEARNING CENTER (BUDFI PROJEC', 35),
(206, 'BOLINAO INTEGRATED SCHOOL', 11),
(207, 'VINZONS PILOT ELEMENTARY SCHOOL', 46),
(208, 'GOA CENTRAL ELEMENTARY SCHOOL', 9),
(209, 'COLLEGE OF THE IMMACULATE CONCEPTION', 75),
(210, 'MORNINGSIDE SCHOOL', 34),
(211, 'JOHN DEWEY SCHOOL FOR CHILDREN INC.', 5),
(212, 'ST. MARY\'S ACADEMY OF CAPIZ', 83),
(213, 'NAVAL CENTRAL SCHOOL', 87),
(214, 'SAN FRANCISCO PILOT CENTRAL ELEM. SCHOOL', 88),
(215, 'LEGANES ELEMENTARY SCHOOL', 16),
(216, 'MONTESSORI HOUSE OF LEARNING', 1),
(217, 'CATALUNAN GRANDE ELEM. SCHOOL', 8),
(218, 'MINGLANILLA SPECIAL SCIENCE ELEM SCHOOL', 68),
(219, 'DAU CENTRAL ELEMENTARY SCHOOL', 15),
(220, 'AGUSAN PILOT LABORATORY ELEM. SCHOOL', 88),
(221, 'ARGAO I CENTRAL ELEMENTARY SCHOOL', 68),
(222, 'NOTRE DAME OF DADIANGAS UNIV. - I.B.E.D.', 59),
(223, 'LUCAS R. PASCUAL MEMORIAL ELEM. SCHOOL', 5),
(224, 'CARITAS DON BOSCO SCHOOL, INC.', 1),
(225, 'JOSE ZURBITO SR. ELEMENTARY SCHOOL', 89),
(226, 'CFC SCHOOL OF THE MORNING STAR-LANAO', 90),
(227, 'DINALUPIHAN ELEMENTARY SCHOOL', 43),
(228, 'DR. JOSE P. RIZAL ELEMENTARY SCHOOL - CAVITE', 91),
(229, 'HOLY SPIRIT ACADEMY OF MALOLOS', 92),
(230, 'MONTESSORI EDUC CENTER OF ASIA PACIFIC', 25),
(231, 'ST. CECILIA\'S COLLEGE-CEBU, INC.', 68),
(232, 'ILAGAN SOUTH CENTRAL SCHOOL', 25),
(233, 'OLONGAPO WESLEY SCHOOL', 93),
(234, 'AURORA REGIONAL PILOT SPED CENTER', 36),
(235, 'PUERTO GALERA CENTRAL SCHOOL', 13),
(236, 'EAGER MINDS SCH. OF DALAGUETE, INC.', 68),
(237, 'NOTRE DAME OF TACURONG COLLEGE', 94),
(238, 'PRECIOUS CHILD LEARNING CENTER', 7),
(239, 'ST. LOUIS UNIVERSITY LAB. ELEM. SCHOOL', 95),
(240, 'SCHOOL OF THE FUTURE, TUGUEGARAO WEST CS', 21),
(241, 'WHIZ KIDS MONTESSORI SCHOOLHOUSE', 1),
(242, 'TANDANG SORA ELEMENTARY SCHOOL-CALOOCAN', 3),
(243, 'PUERTO PRINCESA PILOT ELEMENTARY SCHOOL', 96),
(244, 'MARIANO MARCOS STATE UNIV LAB ELEM SCH.', 57),
(245, 'COLEGIO DE SAN JOSE', 48),
(246, 'KATIPUNAN SPED CENTER', 97),
(247, 'CEBU NORMAL UNIVERSITY - ILS', 41),
(248, 'SAN CARLOS HEIGHTS ELEMENTARY SCHOOL', 95),
(249, 'XAVIER UNIVERSITY GRADE SCHOOL', 4),
(250, 'ST. PHILOMENA ACADEMY OF LIPA, INC.', 86),
(251, 'WEST VISAYAS STATE UNIV. ELEM. LAB. SCH.', 48),
(252, 'PACIANO RIZAL ELEMENTARY SCHOOL - BAY', 1),
(253, 'EAST BUNAWAN CENTRAL ELEMENTARY SCHOOL', 88),
(254, 'TUGUEGARAO WEST CENTRAL SCHOOL', 21),
(255, 'EVANGELICAL CHRISTIAN SCHOOL', 9),
(256, 'CALAMBA CENTRAL SCHOOL - LAGUNA', 1),
(257, 'SPECIAL EDUCATION CENTER', 95),
(258, 'RAINBOW OF ANGELS LEARNING CENTER, INC.', 40),
(259, 'BETHEL INTERNATIONAL SCHOOL', 34),
(260, 'ZAMBOANGA CHONG HUA HIGH SCHOOL', 37),
(261, 'TIMOTHY CHRISTIAN ACADEMY', 33),
(262, 'BOHOL WISDOM SCHOOL', 78),
(263, 'DOÑA PILAR LEARNING CENTER', 8),
(264, 'LA MAREA ACADEMY', 23),
(265, 'MONTESSORI WEST GRADE SCHOOL', 5),
(266, 'CHILD\'S ACADEMY, INC.', 82),
(267, 'ST. MARY\'S ACADEMY OF CALOOCAN CITY', 3),
(268, 'ANDRES BONIFACIO COLLEGE', 65),
(269, 'VANDERPOL CHRISTIAN ACADEMY', 55),
(270, 'SUNSHINE INTERNATIONAL SCOOL', 55),
(271, 'CASA DEL BAMBINO EMMANUEL MONTESSORI', 85),
(272, 'NAGA CENTRAL SCHOOL II', 42),
(273, 'NORTH CABADBARAN CENTRAL ELEM. SCHOOL', 32),
(274, 'HOLY CHILD ACADEMY - FAIRVIEW', 5),
(275, 'FERNANDEZ-ZACAL LEARNING CENTER', 51),
(276, 'STO. DOMINGO ELEMENTARY SCHOOL - AREVALO', 48),
(277, 'JUAN SUMULONG ELEM. SCHOOL', 98),
(278, 'CHAIR OF ST. PETER SCHOOL', 1),
(279, 'ST. COLUMBAN GRADE SCHOOL', 6),
(280, 'BEATITUDES OF JESUS CHRIST ACADEMY OF DAVAO, INC.', 8),
(281, 'ST. THERESE OF THE CHILD JESUS ACADEMY', 69),
(282, 'CONCEPCION NORTE ELEMENTARY SCHOOL', 45),
(283, 'DON BOSCO TECH. INSTITUTE - NEGROS OCC.', 99),
(284, 'CANDON SOUTH CENTRAL ELEMENTARY SCHOOL', 38),
(285, 'MONTESSORI SCHOOL OF MALOLOS', 92),
(286, 'BASAG ELEMENTARY SCHOOL', 40),
(287, 'PAGADIAN CITY PILOT CENTRAL ELEM. SCHOOL', 6),
(288, 'STONYHURST SOUTHVILLE INTERNATIONAL SCH.', 86),
(289, 'ADVANCE MONTESSORI EDUCATION CENTER', 25),
(290, 'STEP LEARNING ACADEMY, INC.', 95),
(291, 'MARANATHA CHRISTIAN ACADEMY - IMUS', 91),
(292, 'BADIAN CENTRAL ELEMENTARY SCHOOL', 68),
(293, 'DON BOSCO TECHNOLOGY CENTER', 41),
(294, 'BRIDGES ACADEMY OF TAGUM, INC.', 100),
(295, 'LITTLE SHEPHERD CHILD DEVELOPMENT CENTER', 5),
(296, 'DAET ELEMENTARY SCHOOL', 46),
(297, 'ST.THERESE DE AVILA LEARNING CENTER', 33),
(298, 'HOLY CHILD SCHOOL OF DAVAO - MINTAL', 8),
(299, 'VINES AND BRANCHES MONTESSORI SCHOOL', 8),
(300, 'TANAUAN NORTH CENTRAL SCHOOL', 101),
(301, 'SHALOM CREST WIZARD ACADEMY', 59),
(302, 'ST. MARY\'S COLLEGE - QUEZON CITY', 5),
(303, 'VALUES SCHOOL', 8),
(304, 'DR. CARIDAD C. LABE EDUC. CENTER- CCL CE', 102),
(305, 'LOOC CENTRAL ELEMENTARY SCHOOL', 45),
(306, 'VIRAC PILOT ELEMENTARY SCHOOL', 103),
(307, 'ST. MARY\'S COLLEGE OF MEYCAUAYAN', 92),
(308, 'FRANCISCAN MONT SCH OF THE NATIVITY', 1),
(309, 'BURGOS CENTRAL SCHOOL - ILOCOS NORTE', 57),
(310, 'ST. MICHAEL ACADEMY', 92),
(311, 'ACHIEVERS SPECIAL EDUCATION CENTER', 52),
(312, 'ODIONGAN SOUTH CENTRAL ELEM. SCHOOL', 45),
(313, 'TUGUEGARAO EAST CENTRAL SCHOOL', 21),
(314, 'SORSOGON PILOT ELEMENTARY SCHOOL', 84),
(315, 'ST. THOMAS AQUINAS SCHOOL OF LAWAAN', 68),
(316, 'HOLY ROSARY SCHOOL FOUNDATION', 30),
(317, 'SPECIAL EDUCATION CENTER - OLONGAPO', 93),
(318, 'CANOSSA COLLEGE', 39),
(319, 'LIBERTAD ELEMENTARY SCHOOL - ODIONGAN', 45),
(320, 'SEFTON VILLAGE CHRISTIAN SCHOOL', 25),
(321, 'SAN JACINTO WEST CENTRAL SCHOOL', 11),
(322, 'JESUS IS LORD COLLEGES FOUNDATION, INC.', 92),
(323, 'VILLASIS CENTRAL-SPED CENTER', 11),
(324, 'SAN FELIPE ELEMENTARY SCHOOL - TANTANGAN', 18),
(325, 'ST. JOSEPH SCHOOL - ILOILO CITY', 48),
(326, 'CONPEREY INTEGRATED LEARNING SCHOOL', 28),
(327, 'IBA ELEMENTARY SCHOOL - ZAMBALES', 27),
(328, 'CAPOOCAN CENTRAL SCHOOL', 34),
(329, 'SACRED HEART SCHOOL OF BUTUAN', 40),
(330, 'ASIA SCH. OF ARTS & SCIENCE', 5),
(331, 'BLESSED LIGHTS INT\'L. CHRISTIAN ACADEMY', 42),
(332, 'LANAO CHUNG HUA SCHOOL', 33),
(333, 'DAVAO CHONG HUA HIGH SCHOOL', 8),
(334, 'TUBOD CENTRAL ELEMENTARY SCHOOL', 104),
(335, 'BALANGASAN CENTRAL ELEMENTARY SCHOOL', 6),
(336, 'CONCEPCION ELEMENTARY SCHOOL - BATANGAS', 85),
(337, 'PILILLA CENTRAL ELEMENTARY SCHOOL', 50),
(338, 'OUR LADY OF CAYSASAY ACADEMY', 101),
(339, 'ANAHAO ELEMENTARY SCHOOL', 45),
(340, 'MSU - INTEGRATED LABORATORY SCHOOL', 7),
(341, 'HERMOSA ELEMENTARY SCHOOL', 43),
(342, 'INGENIUM SCHOOL, INC.', 105),
(343, 'UNIV. OF BOHOL-VDT ADVANCED LEARNING CTR', 78),
(344, 'CHRIST THE KING COLLEGE-ELEM. LAB SCHOOL', 67),
(345, 'DMC COLLEGE FOUNDATION', 65),
(346, 'BASCO CENTRAL SCHOOL', 106),
(347, 'AURORA A. QUEZON ELEMENTARY SCHOOL', 64),
(348, 'HUA SIONG COLLEGE OF ILOILO', 48),
(349, 'PRECIOUS INTERNATIONAL SCHOOL OF DAVAO', 8),
(350, 'OUR LADY OF THE PILLAR COLLEGE - CAUAYAN', 25),
(351, 'OUR LADY OF MT. CARMEL MONTESSORI', 95),
(352, 'DAGOHOY CENTRAL ELEMENTARY SCHOOL', 107),
(353, 'DOLE CANNERY CENTRAL ELEMENTARY SCHOOL', 18),
(354, 'PALAWAN STATE UNIV. LAB. ELEM. SCHOOL', 96),
(355, 'ST. MARY\'S COLLEGE OF CATBALOGAN', 108),
(356, 'DIPOLOG COMMUNITY SCHOOL', 65),
(357, 'CANDELARIA INSTITUTE OF CABADBARAN INC.', 32),
(358, 'DEL A. SALAZAR JR. MEMORIAL SCHOOL', 72),
(359, 'GEN. P. DEL ROSARIO ELEMENTARY SCHOOL', 109),
(360, 'LINKAGE SOUTH LEARNING CENTER INC.', 110),
(361, 'SCHOOL OF THE HOLY SPIRIT OF QUEZON CITY', 5),
(362, 'LIDE LEARNING CENTER INC.', 34),
(363, 'TALISAY ELEMENTARY SCHOOL', 99),
(364, 'UNIVERSITY OF SAN CARLOS, NORTH CAMPUS', 41),
(365, 'DON BOSCO ACADEMY', 15),
(366, 'DAVAO CHRISTIAN HIGH SCHOOL', 8),
(367, 'STA. BARBARA CENTRAL ELEMENTARY SCHOOL', 16),
(368, 'O. B. MONTESSORI CENTER, INC.-Q.C.', 5),
(369, 'IMUS PILOT ELEMENTARY SCHOOL', 91),
(370, 'DIVINE WORD COLLEGE OF URDANETA', 11),
(371, 'SAN PABLO CENTRAL ELEM. SCHOOL', 39),
(372, 'GENERAL SANTOS HOPE CHRISTIAN SCHOOL', 59),
(373, 'SAN FERNANDO ELEMENTARY SCHOOL-PAMPANGA', 15),
(374, 'BANICE ELEMENTARY SCHOOL', 45),
(375, 'MERRYLAND MONTESSORI & HIGH SCHOOL, INC.', 11),
(376, 'CALASANZ DE DAVAO ACADEMY', 8),
(377, 'LANAS ELEMENTARY SCHOOL - SAN JOSE', 45),
(378, 'EDNA\'S SCHOOL OF SAN CARLOS', 111),
(379, 'THE RAYA SCHOOL', 5),
(380, 'NAIC CENTRAL SCHOOL', 91),
(381, 'BAGUIO PINES FAMILY LEARNING CENTER, INC', 95),
(382, 'NORALA CENTRAL ELEMENTARY SCHOOL', 18),
(383, 'INTERNATIONAL BRITISH ACADEMY', 91),
(384, 'STO. DOMINGO SOUTH CENTRAL SCHOOL', 38),
(385, 'RIZAL ELEMENTARY SCHOOL - ODIONGAN', 45),
(386, 'INTERNATIONAL CHRISTIAN SCHOOL OF DAVAO', 8),
(387, 'ST. MARY\'S UNIVERSITY, ELEM. DEPT.', 47),
(388, 'STO. DOMINGO NORTH CENTRAL SCHOOL', 38),
(389, 'SANTIAGO SOUTH CENTRAL SCHOOL-ILOCOS SUR', 38),
(390, 'ECHAGUE WEST CENTRAL SCHOOL', 25),
(391, 'KIDS HAUS CHILD DEVELOPMENT CENTER', 1),
(392, 'LIVING ROCK CHRISTIAN SCH OF EXCELLENCE', 57),
(393, 'ST. ANTHONY\'S COLLEGE -GRADE SCHOOL DEPT', 72),
(394, 'BINTAWAN SOUTH ELEMENTARY SCHOOL', 47),
(395, 'MOUNT CARMEL MONTESSORI CENTER', 30),
(396, 'ST. MARY\'S SCHOOL', 4),
(397, 'ST. SCHOLASTICA\'S COLLEGE', 64),
(398, 'TUGBOK SPED CENTER - TUGBOK CENTRAL ES', 8),
(399, 'BATAAN MONTESSORI SCHOOL', 43),
(400, 'IMMACULATE CONCEPTION SCHOOL OF MALOLOS', 92),
(401, 'CABARITAN WEST ELEMENTARY SCHOOL', 21),
(402, 'BISLIG CITY DIV SPEC EDUC CENTR-BCD SPED', 10),
(403, 'JASAAN CENTRAL SCHOOL', 112),
(404, 'STELLA MARIS ACADEMY OF DAVAO', 8),
(405, 'MAMBAJAO CENTRAL SCHOOL', 113),
(406, 'DAILY INTERNATIONAL SCHOOL', 95),
(407, 'BASAK ELEMENTARY SCHOOL - MANDAUE', 73),
(408, 'TAMPILISAN CENTRAL SCHOOL', 97),
(409, 'UNIV. OF EASTERN PHIL. LAB. ELEM. SCHOOL', 114),
(410, 'ST. ROSE ACADEMY, INC.', 76),
(411, 'MAYFIELD MONTESSORI ACADEMY INC.', 5),
(412, 'NOTRE DAME - SIENNA SCHOOL OF MARBEL', 115),
(413, 'MIDSALIP CENTRAL ELEMENTARY SCHOOL', 36),
(414, 'SAN JOAQUIN CENTRAL ELEMENTARY SCHOOL', 16),
(415, 'ACADEMIA DE SOPHIA INTERNATIONAL SCHOOL', 95),
(416, 'PANGASINAN UNIVERSAL INSTITUTE', 11),
(417, 'COMMUNITY OF LEARNERS-SAN JUAN', 105),
(418, 'DE LA SALLE-SANTIAGO ZOBEL SCHOOL', 19),
(419, 'V & G DE LA CRUZ MEMORIAL ELEM. SCHOOL', 2),
(420, 'CORPUS CHRISTI GRADE SCHOOL', 4),
(421, 'SAN BEDA COLLEGE ALABANG', 19),
(422, 'FIRST ASIA INST. OF TECH. & HUMANITIES', 101),
(423, 'CLAVERIA CENTRAL SCHOOL-MISAMIS ORIENTAL', 112),
(424, 'CATERPILLAR CENTRE FOR EARLY LEARNERS IN', 17),
(425, 'MANDAUE CITY CENTRAL ELEMENTARY SCHOOL', 73),
(426, 'BENGUET SPECIAL EDUCATION CENTER', 116),
(427, 'BADAS ELEMENTARY SCHOOL - PLACER', 117),
(428, 'O.B. MONTESSORI CENTER, INC. - PAMPANGA', 52),
(429, 'CABAROAN ELEMENTARY SCHOOL - BACNOTAN', 22),
(430, 'DIVINE WORD COLLEGE, GRADE SCHL DEPT.', 35),
(431, 'VALENCIA SCHOOL OF THE MORNING STAR', 118),
(432, 'LA TRINIDAD ACADEMY OF CAVITE', 91),
(433, 'LA UNION BRIGHT BEGINNINGS LEARNING INC.', 22),
(434, 'LA TRINIDAD CENTRAL SCHOOL', 116),
(435, 'BUKIDNON STATE UNIVERSITY ELEM. SCH. LAB', 119),
(436, 'MINTAL ELEMENTARY SCHOOL', 8),
(437, 'SAINT FRANCIS SCHOOL - QUEZON CITY', 5),
(438, 'THE EASTBRIDGE SCHOOL', 50),
(439, 'RIZAL ELEMENTARY SCHOOL - MAKATI', 79),
(440, 'KING DAVID ACADEMY', 58),
(441, 'ALBERT EINSTEIN SCHOOL', 49),
(442, 'PRODIGY DISCOVERY PLAYSCHOOL INC.', 107),
(443, 'PALO I CENTRAL SCHOOL', 34),
(444, 'ROMANA C. ACHARON ELEMENTARY SCHOOL', 59),
(445, 'ESTAKA CENTRAL SCHOOL', 65),
(446, 'TOP ACHIEVERS PRIVATE SCHOOL, INC.', 25),
(447, 'HILARIO VALDEZ MEM. ELEM. SCHOOL', 57),
(448, 'MONTESSORI CHILDREN\'S HOUSE OF LEARNING', 46),
(449, 'STATEFIELDS SCHOOL, INC.', 91),
(450, 'SOLANO EAST CENTRAL SCHOOL', 47),
(451, 'MARIE ERNESTINE SCHOOL - TALAMBAN', 41),
(452, 'ALBERTO T. AGUJA MEMORIAL CENTRAL SCHOOL', 34),
(453, 'LAPU-LAPU CITY CENTRAL ELEM. SCHOOL', 102),
(454, 'HOLY SPIRIT SCHOOL OF TAGBILARAN', 107),
(455, 'BUTUAN CENTRAL ELEM. SCHOOL - STEC', 40),
(456, 'ANDRES SORIANO MEMORIAL ELEMENTARY SCHOOL', 120),
(457, 'QUEEN OF ANGELS SCHOOL OF ILIGAN, INC.', 33),
(458, 'DOMINICAN SCHOOL', 64),
(459, 'KALALAKE ELEMENTARY SCHOOL', 93),
(460, 'SHELOMITH LEARNING CENTER', 68),
(461, 'ST. SCHOLASTICA\'S ACADEMY-MARIKINA', 121),
(462, 'SAN GABRIEL ELEMENTARY SCHOOL - Q.C.', 5),
(463, 'SUAREZ CENTRAL SCHOOL', 33),
(464, 'JARO ELEMENTARY SCHOOL I', 48),
(465, 'WESTVILLE CHRISTIAN ACADEMY OF IFUGAO', 122),
(466, 'IMMACULATE CONCEPCION ACADEMY - BATAC', 57),
(467, 'SAN MIGUEL CENTRAL SCHOOL - LEYTE', 34),
(468, 'NOLI CENTRAL ELEMENTARY SCHOOL', 88),
(469, 'COLEGIO DE SAN JUAN DE LETRAN', 1),
(470, 'STONYHURST SOUTHVILLE INT\'L. SCHOOL', 85),
(471, 'STO. ROSARIO ELEMENTARY SCHOOL - ANGELES', 52),
(472, 'MONTESSORI HOUSE OF LEARNING, INC.', 1),
(473, 'LEYTE PROGRESSIVE HIGH SCHOOL', 2),
(474, 'IMMACULATE CONCEPTION ACADEMY - SAN JUAN', 105),
(475, 'CENTRO DE CULTURA, INC.', 25),
(476, 'CUBAO ELEM. SCHOOL', 5),
(477, 'BAGUIO CITY ACADEMY COLLEGES, INC', 95),
(478, 'BLESSED SACRAMENT CATHOLIC SCHOOL', 5),
(479, 'VEL MARIS SCHOOL', 91),
(480, 'GUIHING CENTRAL ELEMENTARY SCHOOL', 123),
(481, 'BAGUIO ACHIEVERS\' ACADEMY', 95),
(482, 'CARIG ELEMENTARY SCHOOL', 21),
(483, 'SACRED HEART ACADEMY - ZARRAGA', 16),
(484, 'NOTRE DAME OF MARBEL UNIV. - TRNG. DEV\'T.', 115),
(485, 'WADEFORD SCHOOL', 28),
(486, 'CREATIVE DREAMS SCHOOL', 101),
(487, 'UNIV. OF LA SALETTE GRADE SCHOOL DEPT.', 25),
(488, 'LORD\'S ANGELS MONTESSORI, PLARIDEL', 92),
(489, 'DE LA SALLE UNIVERSITY INTEGRATED SCHOOL', 1),
(490, 'ARAS-ASAN ELEMENTARY SCHOOL', 10),
(491, 'BAUTISTA CENTRAL SCHOOL', 11),
(492, 'BETHANY CHRISTIAN SCHOOL - CEBU CITY', 41),
(493, 'PANABO FAITH MISSION ACADEMY', 70),
(494, 'GALAS ELEMENTARY SCHOOL', 65),
(495, 'RIZAL ELEMENTARY SCHOOL - LAGUNA', 1),
(496, 'HOLY FAMILY SCHOOL', 5),
(497, 'CHILDREN FIRST SCHOOL', 25),
(498, 'COLLEGE OF THE HOLY SPIRIT', 124),
(499, 'MGP TRIBECA, INC.', 86),
(500, 'CATALINO ACOSTA MES - SPED CENTER', 57),
(501, 'UCCP PANABO CHRISTIAN ACADEMY, INC.', 125),
(502, 'WESTMONT SCHOOL MONTESSORI INC.', 95),
(503, 'SACRED HEART ACADEMY - PASIG', 76),
(504, 'DIPOLOG PILOT DEMONSTRATION SCHOOL', 65),
(505, 'NOTRE DAME OF KIDAPAWAN COLLEGE ETD', 12),
(506, 'MARASBARAS ELEMENTARY SCHOOL - TACLOBAN', 2),
(507, 'CENTEX BATANGAS', 101),
(508, 'ST. MARY\'S INITAL LEARNING CENTER', 8),
(509, 'ST. PAUL COLLEGE BALAYAN', 101),
(510, 'DON LUIS HIDALGO MEMORIAL SCHOOL', 126),
(511, 'THE BRIDGE SCHOOL', 53),
(512, 'ALIAGA BRIGHT MINDS ACADEMY INC', 30),
(513, 'WEST CENTRAL ELEMENTARY SCHOOL I', 23),
(514, 'TANDAG PILOT ELEMENTARY SCHOOL', 10),
(515, 'NOTRE DAME OF JOLO FOR GIRLS', 127),
(516, 'VALENCIA CENTRAL ELEM. SCHOOL - ORMOC', 128),
(517, 'PACO CATHOLIC SCHOOL', 64),
(518, 'HOLY FAMILY CENTER OF STUDIES', 43),
(519, 'IMMACULATE CONCEPTION SCHOOL FOR BOYS.', 92),
(520, 'MONTESSORI CENTER, TANGUB CITY', 62),
(521, 'IBN MAS-OUD INTEGRATED SCHOOL', 104),
(522, 'HOLISTIC HEART STUDY CENTER INC.', 32),
(523, 'HAMTIC CENTRAL SCHOOL', 72),
(524, 'KJB SOLID ROCK BAPTIST ACADEMY', 129),
(525, 'AGOO KIDDIE SPECIAL SCHOOL', 22),
(526, 'XAVIER SCHOOL', 105),
(527, 'ST. ALEXIUS COLLEGE', 18),
(528, 'TAGBILARAN CITY CENTRAL SCH-SPED CENTER', 78),
(529, 'WESTERN PHILIPPINES UNIV. LAB. ELEM. SCH', 120),
(530, 'SANTA MARIA ELEMENTARY SCHOOL - LAGUNA', 1),
(531, 'YOUNG ACHIEVERS PRIMARY INTERNATIONAL SCHOOL', 130),
(532, 'PHILIPPINE YUH CHIAU SCHOOL', 25),
(533, 'WESLEYAN ACADEMY', 50),
(534, 'BUUG PILOT CENTRAL SCHOOL', 26),
(535, 'DON BOSCO TECHNICAL INSTITUTE', 79),
(536, 'AMAZING GRACE SCHOOL', 1),
(537, 'IROSIN CENTRAL SCHOOL', 131),
(538, 'LA MILAGROSA SCHOOL OF BATANGAS INC.', 86),
(539, 'CABATACAN ELEMENTARY SCHOOL', 129),
(540, 'FLOWERLANE MONTESSORI CHILDREN\'S HOUSE', 30),
(541, 'AMAYA ELEMENTARY SCHOOL', 91),
(542, 'LAOAG CENTRAL ELEMENTARY SCHOOL', 17),
(543, 'PHIL. NORMAL UNIV. AGUSAN CAMPUS (CTL)', 88),
(544, 'SAN BEDA COLLEGE - RIZAL', 50),
(545, 'JOSE PANGANIBAN ELEMENTARY SCHOOL', 46),
(546, 'POTOTAN PILOT ELEMENTARY SCHOOL', 16),
(547, 'TRECE MARTIREZ CITY ELEMENTARY SCHOOL', 91),
(548, 'ATHENAEUM INTERNATIONAL SCHOOL-CEBU', 41),
(549, 'XAVIER SCHOOL NUVALI', 1),
(550, 'MARIA MONTESSORI SCHOOL OF Q.C.', 5),
(551, 'UNIVERSITY OF BATANGAS - GRADE SCHOOL', 85),
(552, 'DARAGA NORTH CENTRAL SCHOOL', 55),
(553, 'LEYTE NORMAL UNIVERSITY - INTEGRATED LABORATORY SCHOOL', 2),
(554, 'MARBEL 1 CENTRAL ELEMENTARY SCHOOL', 18),
(555, 'ST. THOMAS MORE MONTESSORI SCHOOL', 125),
(556, 'MARIANO MARCOS MEMORIAL ELEM. SCHOOL', 57),
(557, 'SACRED HEART COLLEGE - TACLOBAN', 2),
(558, 'SABANG ELEMENTARY SCHOOL - SIBONGA', 68),
(559, 'CALINAN CENTRAL ELEMENTARY SCHOOL', 8),
(560, 'CALABACITA ELEMENTARY SCHOOL', 107),
(561, 'INFANTA CENTRAL SCHOOL - QUEZON', 110),
(562, 'BAGUIO CENTRAL SCHOOL', 95),
(563, 'THE LEARNING PLACE - LOS BAÑOS', 1),
(564, 'SAN RAMON ELEMENTARY SCHOOL-DINALUPIHAN', 43),
(565, 'NAGA CENTRAL SCHOOL I', 42),
(566, 'APARRI SOUTH CENTRAL  ELEMENTARY SCHOOL', 21),
(567, 'SAN BERNABE ELEMENTARY SCHOOL', 132),
(568, 'ANGELES CITY SPED CENTER', 52),
(569, 'BUTUAN CENTRAL ELEMENTARY SCHOOL', 40),
(570, 'ATHENEUM AMCAN SCHOOL', 91),
(571, 'YOUNGSTER CHRISTIAN LEARNING PLACE', 33),
(572, 'THE KIDDIE MATH SCIENCE GRADE SCHOOL OF TAGUM CITY', 125),
(573, 'POLANGUI NORTH CENTRAL SCHOOL', 55),
(574, 'LYCEUM OF LALLO', 21),
(575, 'ACADEMIA DE BELLARMINO', 5),
(576, 'PAREF SOUTHCREST SCHOOL, INC.', 41),
(577, 'ST. LOUIS SCHOOL', 47),
(578, 'THE RIVERDEEP ACADEMY', 57),
(579, 'LAGONOY SOUTH CENTRAL SCHOOL', 9),
(580, 'ST. PAUL COLLEGE - MAKATI', 79),
(581, 'WEST CITY SCIENCE ELEM.SCHOOL', 71),
(582, 'TALAMBAN ELEMENTARY SCHOOL', 41),
(583, 'DIPOLOG SDA ELEMENTARY SCHOOL', 65),
(584, 'PANANGAN PANGANDAMAN JR. INTEGRATED SCHOOL', 80),
(585, 'ASIAN MONTESSORI CENTER', 15),
(586, 'MAUBAN NORTH I ELEMENTARY SCHOOL', 110),
(587, 'LIBERTAD CENTRAL ELEMENTARY SCHOOL', 40),
(588, 'HILONGOS SOUTH CENTRAL SCHOOL', 34),
(589, 'LA IMMACULADA CONCEPCION SCHOOL', 76),
(590, 'FIRST ECHAGUE UNITED METHODIST SCHOOL', 25),
(591, 'KAPATAGAN EAST CENTRAL SCHOOL', 104),
(592, 'DUMANJUG CENTRAL ELEMENTARY SCHOOL', 68),
(593, 'AREVALO ELEMENTARY SCHOOL', 48),
(594, 'MONTESSORI CHILDREN\'S HOUSE OF LEARNING - GOA', 9),
(595, 'DOÑA ASUNCION LEE INTEGRATED SCHOOL', 15),
(596, 'GUMACA WEST CENTRAL SCHOOL', 133),
(597, 'DON EMILIO SALUMBIDES ELEM. SCHOOL', 110),
(598, 'SINAIT WEST CENTRAL SCHOOL', 38),
(599, 'EVELAND JUNIOR COLLEGE', 25),
(600, 'PALANAN ELEMENTARY SCHOOL', 79),
(601, 'CABARROGUIS FAITH ACADEMY', 132),
(602, 'ST. THERESE CHRISTIAN DEV\'T. CTR FOUNDTN.', 2),
(603, 'ANGELES LIPLIN SCHOOL', 52),
(604, 'HOLY FAMILY ACADEMY', 52),
(605, 'HOLY CHILD SCHOOL OF DAVAO', 8),
(606, 'PALM SPRINGS MONTESSORI INTEGRATED SCHL.', 11),
(607, 'DOLE PHILIPPINES SCHOOL', 18),
(608, 'TRINIDAD ELEMENTARY SCHOOL', 67),
(609, 'IMMACULATE HEART OF MARY ACADEMY', 134),
(610, 'TINA ELEMENTARY SCHOOL - BADIANGAN', 16),
(611, 'ST. MARY\'S COLLEGE', 100),
(612, 'AGRIPINO ALVAREZ ELEMENTARY SCHOOL', 99),
(613, 'LIGAO WEST CENTRAL SCHOOL (POB.)', 55),
(614, 'ALETHEIA CHRISTIAN ACADEMY OF LIGAO,INC', 55),
(615, 'PERPETUAL HELP LEARNING CENTER - QC', 5),
(616, 'GREAT MINDS MONTESSORI SCHOOL', 5),
(617, 'DOLORES CENTRAL SCHOOL - EASTERN SAMAR', 20),
(618, 'ST. IGNATIUS DE LOYOLA COGNITION ACADEMY', 68),
(619, 'ROSEVALE SCHOOL', 4),
(620, 'TITAY SPECIAL EDUCATION CENTER', 26),
(621, 'BOLINAO CHRISTIAN SCHOOL', 11),
(622, 'STA. CATALINA CENTRAL SCHOOL', 38),
(623, 'PARDO ELEMENTARY SCHOOL', 41),
(624, 'STA. CRUZ ELEMENTARY SCHOOL - SINAIT', 38),
(625, 'PINAGBAYANAN ELEMENTARY SCHOOL - PILA', 1),
(626, 'TOP ACHIEVERS PRIVATE SCHOOL, INC.- CAUAYAN', 25),
(627, 'SHEKINAH GRACE SCHOOL, INC.', 11),
(628, 'CHILDREN\'S INTEGRATED SCH OF ALTA TIERRA', 48),
(629, 'SINDANGAN PILOT DEMONSTRATION SCHOOL', 97),
(630, 'BAGUIO SILOAM CHRISTIAN ACADEMY', 95),
(631, 'NABUA CENTRAL PILOT SCHOOL', 9),
(632, 'TAMBULIG CENTRAL ELEMENTARY SCHOOL-SPED', 36),
(633, 'THE ELLINWOOD CHRISTIAN SCH., INC.', 64),
(634, 'DIVINE MERCY LEARNING CENTRE', 5),
(635, 'ALANGALANG I CENTRAL SCHOOL', 34),
(636, 'MANGALDAN I CENTRAL SCHOOL', 11),
(637, 'ELIZABETH SETON SCHOOL', 74),
(638, 'FUTURE GENERATION PHIL. INT\'L. SCHOOL', 135),
(639, 'BROKENSHIRE COLLEGE TORIL', 8),
(640, 'SAINT MICHAEL COLLEGE OF CARAGA', 32),
(641, 'SAINT LOUIS CENTER ELEMENTARY SCHOOL', 95),
(642, 'DAO CENTRAL SCHOOL', 72),
(643, 'SANTA CLARITA INTERNATIONAL SCHOOL', 48),
(644, 'SPECIAL SCIENCE ELEM. SCHOOL', 10),
(645, 'ROMBLON EAST CENTRAL SCHOOL', 45),
(646, 'LEGAZPI HOPE CHRISTIAN SCHOOL', 35),
(647, 'SAN PEDRO COLLEGE, INC.', 8),
(648, 'COR JESU COLLEGE BASIC EDUCATION', 31),
(649, 'TACLOBAN CITY ADVENTIST ELEM. SCHOOL', 2),
(650, 'METHODIST CHRISTIAN SCHOOL', 21),
(651, 'BENIGNO MACADAEG MEMORIAL ELEM. SCHOOL', 57),
(652, 'IBALON CENTRAL SCHOOL - LEGASPI CITY', 35),
(653, 'PHGS-HOLY CROSS OF DAVAO COLLEGE, INC.', 8),
(654, 'CABANATUAN EAST CENTRAL SCHOOL', 75),
(655, 'ALL SAINTS MISSION ELEMENTARY SCHOOL', 136),
(656, 'UNIVERSITY OF THE CORDILLERAS GRADE SCHOOL', 95),
(657, 'RIZAL MEMORIAL INSTITUTE', 137),
(658, 'CHILDREN\'S ONLY LABORATORY OF READINESS', 55),
(659, 'INTEGRATED MONTESSORI CENTER', 80),
(660, 'WESTERN MINDANAO STATE UNIVERSITY', 37),
(661, 'BURABOD ELEMENTARY SCHOOL', 34),
(662, 'ST. PAUL SCHOOL OF BUUG', 26),
(663, 'ROSA L. SUSANO NOVALICHES ELEM. SCHOOL', 5),
(664, 'STA. ROSA CENTRAL ELEMENTARY SCHOOL III', 1),
(665, 'SAAVEDRA SAWAY CENTRAL ELEMENTARY SCHOOL', 59),
(666, 'SUN YAT SEN HIGH SCHOOL', 48),
(667, 'PIAGETIAN GUIDED EDUCATIONAL CENTER', 5),
(668, 'TERNATE CENTRAL ELEMENTARY SCHOOL', 91),
(669, 'CLARET SCHOOL OF QUEZON CITY', 5),
(670, 'UNIVERSITY OF BAGUIO LAB. ELEM. SCHOOL', 95),
(671, 'SACRED HEART SCHOOL - HIJAS DE JESUS', 41),
(672, 'ST. PAUL COLLEGE OF BOCAUE', 92),
(673, 'ST. JOSEPH ACADEMY OF VALENZUELA', 24),
(674, 'DARWIN INTERNATIONAL SCHOOL - MALOLOS', 92),
(675, 'LOURDES SCHOOL OF MANDALUYONG', 138),
(676, 'COLLEGE OF THE HOLY SPIRIT OF TARLAC', 44),
(677, 'GORDON HEIGHTS I ELEMENTARY SCHOOL', 93),
(678, 'ST. THERESE DE AVILA LEARNING CENTER', 104),
(679, 'ST. MARY\'S ACADEMY OF CARMEN', 112),
(680, 'ZAMBOANGA CENTRAL SCHOOL', 37),
(681, 'INOCENCIO SCHOOL MONTESSORI PLAYSKOOL', 76),
(682, 'SOLOMON INTEGRATED SCHOOL DE ILOILO', 48),
(683, 'AMOINGON ELEMENTARY SCHOOL', 126),
(684, 'CAYETANO ARELLANO ELEMENTARY SCHOOL', 3),
(685, 'LORMA GRADE SCHOOL - SAN JUAN', 22),
(686, 'DON MARIANO MARCOS ELEMENTARY SCHOOL', 31),
(687, 'MAASIN CITY SPED CENTER', 139),
(688, 'ROMBLON WEST CENTRAL SCHOOL', 45),
(689, 'POTTER\'S YOUNG FRIENDS LEARNING CENTER, INC.', 36),
(690, 'ASSUMPTION COLLEGE OF DAVAO, GS DEPT.', 8),
(691, 'USUSAN ELEMENTARY SCHOOL', 80),
(692, 'PROJ. 6 ELEM. SCHOOL', 5),
(693, 'CABILAUAN ELEMENTARY SCHOOL', 16),
(694, 'ESTEBAN ABADA ELEMENTARY SCHOOL', 5),
(695, 'BANTAY ELEMENTARY SCHOOL - BOAC', 126),
(696, 'BAGONG ILOG ELEMENTARY SCHOOL', 76),
(697, 'DAO ELEMENTARY SCHOOL', 78),
(698, 'CEBU EASTERN COLLEGE', 41),
(699, 'PIAT CENTRAL SCHOOL', 21),
(700, 'BADIPA ELEMENTARY SCHOOL', 11),
(701, 'SAN MIGUEL CENTRAL SCHOOL - ILOILO', 16),
(702, 'FRANCISCO BENITEZ ELEM. SCHOOL', 79),
(703, 'JOSE BASTIDA ELEMENTARY SCHOOL', 8),
(704, 'DUEÑAS CENTRAL ELEMENTARY SCHOOL', 16),
(705, 'GUINDAPUNAN ELEMENTARY SCHOOL - CARIGARA', 34),
(706, 'INTERNATIONAL SCHOOL FOR BETTER BEGINNINGS', 110),
(707, 'IMMACULATE CONCEPTION SCHOOL-GUIUAN', 20),
(708, 'DINGRAS FAITH ACADEMY, INC.', 57),
(709, 'LICEO DE CAGAYAN UNIVERSITY', 4),
(710, 'CABAGAN SCIENCE ELEMENTARY SCHOOL', 25),
(711, 'MATER CHRISTI SCHOOL-Q.C.', 5),
(712, 'KORONADAL SOUTHERN ELEMENTARY SCHOOL', 115),
(713, 'NORTHFIELD ACADEMY', 11),
(714, 'PRES. MANUEL ROXAS MEMORIAL SCHOOL-NORTH', 83),
(715, 'STA. ISABEL ELEMENTARY SCHOOL - MALOLOS', 92),
(716, 'VISCA FOUNDATION ELEM. SCHOOL', 34),
(717, 'INFANT JESUS ACADEMY', 121),
(718, 'CATANDUANES STATE COLLEGES ELEM LAB SCH', 103),
(719, 'LA SALLE GREEN HILLS', 138),
(720, 'CATARMAN SPED CENTER', 114),
(721, 'CHRISTIAN SCHOOL INTERNATIONAL', 1),
(722, 'ST. JOHN\'S SCHOOL - MALAYBALAY', 118),
(723, 'CITY OF MALOLOS INTEGRATED SCHOOL-STO. R', 92),
(724, 'ST. JOSEPH\'S COLLEGE', 5),
(725, 'COLLEGE OF ST. CATHERINE QUEZON CITY', 5),
(726, 'ABC LEARNING CENTER- TANJAY CITY', 140),
(727, 'MLANG PILOT ELEMENTARY SCHOOL', 63),
(728, 'MONTESSORI INTEGRATED SCHOOL OF ANTIPOLO', 98),
(729, 'LOS BAÑOS FAITH CHRISTIAN SCHOOL, INC.', 1),
(730, 'TUGUEGARAO NORTHEAST CENTRAL SCHOOL', 21),
(731, 'BAYAWAN CITY SCIENCE & TECH. EDUC. CTR.', 140),
(732, 'ANGELICUM COLLEGE', 5),
(733, 'NOTRE DAME-SIENA COLLEGE OF GSC', 59),
(734, 'SOUTHPOINT SCHOOL', 8),
(735, 'BETTY\'S VERMILLION ACADEMY', 141),
(736, 'ATENEO DE ZAMBOANGA UNIVERSITY', 37),
(737, 'PRES. MANUEL ROXAS MEM SCH - SPED', 83),
(738, 'ARISE & SHINE CHRISTIAN SCHOOL OF LIGAO', 55),
(739, 'DIVINE GRACE MONTESSORI SCHOOL', 11),
(740, 'ST. JOHN\'S INSTITUTE', 29),
(741, 'DUNWOODY EDUCATIONAL FOUNDATION, INC', 76),
(742, 'PALANAS CENTRAL SCHOOL', 142),
(743, 'FIRST FRUITS CHRISTIAN ACADEMY', 143),
(744, 'CAUAYAN SOUTH CENTRAL SCHOOL', 25),
(745, 'TWINKLE TOES ACADEMY, INC.', 5),
(746, 'MONTESSORI SCHOOL OF GEN. SANTOS CITY', 59),
(747, 'OZAMIZ CITY CENTRAL SCHOOL', 51),
(748, 'MARIAN HIGH KALIBO FOUNDATION, INC.', 28),
(749, 'MINDS THAT MATTER TUTORIAL AND LEARNING', 42),
(750, 'THE SEED MONTESSORI SCHOOL', 5),
(751, 'MAYONDON ELEMENTARY SCHOOL', 1),
(752, 'ST. PAUL COLLEGE - PASIG', 76),
(753, 'DE LA SALLE CANLUBANG', 1),
(754, 'KEYS SCHOOL MANILA', 138),
(755, 'CABATUAN PAROCHIAL SCHOOL', 16),
(756, 'EASTERN VISAYAS INT\'L. MONTESSORI SCHOOL', 20),
(757, 'DULAG SPED CENTER', 34),
(758, 'POLO ELEMENTARY SCHOOL - DAPITAN CENTRAL', 137),
(759, 'SAINT PEDRO POVEDA COLLEGE', 5),
(760, 'UC', NULL);

-- --------------------------------------------------------

--
-- Table structure for table `users`
--

CREATE TABLE `users` (
  `id` int(10) UNSIGNED NOT NULL,
  `name` varchar(191) COLLATE utf8mb4_unicode_ci NOT NULL,
  `email` varchar(191) COLLATE utf8mb4_unicode_ci NOT NULL,
  `password` varchar(191) COLLATE utf8mb4_unicode_ci NOT NULL,
  `remember_token` varchar(100) COLLATE utf8mb4_unicode_ci DEFAULT NULL,
  `created_at` timestamp NULL DEFAULT NULL,
  `updated_at` timestamp NULL DEFAULT NULL
) ENGINE=InnoDB DEFAULT CHARSET=utf8mb4 COLLATE=utf8mb4_unicode_ci;

--
-- Indexes for dumped tables
--

--
-- Indexes for table `divisions`
--
ALTER TABLE `divisions`
  ADD PRIMARY KEY (`id`),
  ADD UNIQUE KEY `divisions_name_unique` (`name`);

--
-- Indexes for table `examinees`
--
ALTER TABLE `examinees`
  ADD PRIMARY KEY (`id`),
  ADD KEY `examinees_school_id_foreign` (`school_id`);

--
-- Indexes for table `migrations`
--
ALTER TABLE `migrations`
  ADD PRIMARY KEY (`id`);

--
-- Indexes for table `password_resets`
--
ALTER TABLE `password_resets`
  ADD KEY `password_resets_email_index` (`email`);

--
-- Indexes for table `schools`
--
ALTER TABLE `schools`
  ADD PRIMARY KEY (`id`),
  ADD UNIQUE KEY `schools_name_unique` (`name`),
  ADD KEY `schools_division_id_foreign` (`division_id`);

--
-- Indexes for table `users`
--
ALTER TABLE `users`
  ADD PRIMARY KEY (`id`),
  ADD UNIQUE KEY `users_email_unique` (`email`);

--
-- AUTO_INCREMENT for dumped tables
--

--
-- AUTO_INCREMENT for table `divisions`
--
ALTER TABLE `divisions`
  MODIFY `id` int(10) UNSIGNED NOT NULL AUTO_INCREMENT, AUTO_INCREMENT=144;

--
-- AUTO_INCREMENT for table `examinees`
--
ALTER TABLE `examinees`
  MODIFY `id` int(10) UNSIGNED NOT NULL AUTO_INCREMENT, AUTO_INCREMENT=1434;

--
-- AUTO_INCREMENT for table `migrations`
--
ALTER TABLE `migrations`
  MODIFY `id` int(10) UNSIGNED NOT NULL AUTO_INCREMENT, AUTO_INCREMENT=11;

--
-- AUTO_INCREMENT for table `schools`
--
ALTER TABLE `schools`
  MODIFY `id` int(10) UNSIGNED NOT NULL AUTO_INCREMENT, AUTO_INCREMENT=761;

--
-- AUTO_INCREMENT for table `users`
--
ALTER TABLE `users`
  MODIFY `id` int(10) UNSIGNED NOT NULL AUTO_INCREMENT;

--
-- Constraints for dumped tables
--

--
-- Constraints for table `examinees`
--
ALTER TABLE `examinees`
  ADD CONSTRAINT `examinees_school_id_foreign` FOREIGN KEY (`school_id`) REFERENCES `schools` (`id`);

--
-- Constraints for table `schools`
--
ALTER TABLE `schools`
  ADD CONSTRAINT `schools_division_id_foreign` FOREIGN KEY (`division_id`) REFERENCES `divisions` (`id`);
COMMIT;

/*!40101 SET CHARACTER_SET_CLIENT=@OLD_CHARACTER_SET_CLIENT */;
/*!40101 SET CHARACTER_SET_RESULTS=@OLD_CHARACTER_SET_RESULTS */;
/*!40101 SET COLLATION_CONNECTION=@OLD_COLLATION_CONNECTION */;
